gdp_2018_wb,source_iso_code,source_country,vol_kg,val_usd,vol_kg_recon,val_usd_recon,ene_tj_recon,co2_t_recon,ets_23_usd_recon,ets_30_usd_recon,bau_usd_23_recon,bau_usd_30_recon,bau_usd_40_recon,bau_usd_50_recon,s24_usd_23_recon,s24_usd_30_recon,s24_usd_40_recon,s24_usd_50_recon,pct_vol_recon,pct_val_recon,ets_23_pct_gdp,ets_30_pct_gdp,s24_usd_23_recon_del,s24_usd_30_recon_del,s24_usd_40_recon_del,s24_usd_50_recon_del,bau_23_pct_gdp,bau_30_pct_gdp,bau_40_pct_gdp,bau_50_pct_gdp,s24_23_pct_gdp,s24_30_pct_gdp,s24_40_pct_gdp,s24_50_pct_gdp,s24_del_23_pct_gdp,s24_del_30_pct_gdp,s24_del_40_pct_gdp,s24_del_50_pct_gdp
18418860354.4238,004,Afghanistan,321566908.644,169707113.62399998,321566908.644,169707113.624,12.663680139769506,977.6243987258348,0.0,596.1389912237208,479390.3304298183,461892.96168592473,405051.63495205605,387460.98241589713,479390.3304298183,535420.2424710635,675804.788461893,711217.6215153607,100.0,100.0,0.0,0.0,0.0,73527.28078513878,270753.15350983693,323756.63909946353,0.0026,0.00251,0.0022,0.0021,0.0026,0.00291,0.00367,0.00386,0.0,0.0004,0.00147,0.00176
15156424061.9815,008,Albania,1820407132.74,475904335.28900003,1820407132.74,475904335.28900003,213.66938423314443,16440.066448931884,0.0,3519236.236968394,11029268.529729703,10717600.51206499,9747936.541219687,9388474.707693009,11029268.529729703,11850842.101981372,14314028.810544802,14999849.72430337,100.0,100.0,0.0,0.02322,0.0,1133241.589916382,4566092.269325115,5611375.016610362,0.07277,0.07071,0.06432,0.06194,0.07277,0.07819,0.09444,0.09897,0.0,0.00748,0.03013,0.03702
174910891124.491,012,Algeria,53874027321.106,24887900411.920998,53874027321.106,24887900411.920998,9488.32744527572,729079.177003766,0.0,50231860.85737052,441291688.285782,430311263.8582276,379624414.4719269,370448433.19394135,441291688.285782,478715935.77313036,574318239.8192285,609198326.6547941,100.0,100.0,0.0,0.02872,0.0,48404671.91490275,194693825.3473016,238749893.46085274,0.2523,0.24602,0.21704,0.21179,0.2523,0.27369,0.32835,0.34829,0.0,0.02767,0.11131,0.1365
639000000.0,016,American Samoa,2035519.855,471875.56700000004,2035519.855,471875.56700000004,0.21504670436878792,16.65536909732399,0.0,0.0,10918.057943168667,11275.876322614755,9202.56098728326,9116.579014259321,10918.057943168667,13044.196001883625,14882.682221227777,15723.23497631057,100.0,100.0,0.0,0.0,0.0,1768.3196792688705,5680.121233944517,6606.655962051249,0.00171,0.00176,0.00144,0.00143,0.00171,0.00204,0.00233,0.00246,0.0,0.00028,0.00089,0.00103
3218419896.93327,020,Andorra,13067772.785999998,27137642.35,13067772.785999998,27137642.35,5.901661140667428,456.8013152618414,0.0,56142.859751896394,198815.9663588123,197784.3291512035,167925.30093660674,157781.14502683803,198815.9663588123,218075.30878160102,257591.6507920302,267381.766893156,100.0,100.0,0.0,0.00174,0.0,20290.979630397516,89666.34985542347,109600.62186631796,0.00618,0.00615,0.00522,0.0049,0.00618,0.00678,0.008,0.00831,0.0,0.00063,0.00279,0.00341
77792944471.9494,024,Angola,15520822242.771,7013730937.805,15520822242.771,7013730937.805,7730.0059507273645,593155.6783856561,0.0,41827734.03583185,415373964.1540437,402352783.58821243,366674754.8868297,358787099.4411223,415373964.1540437,445209782.3105375,542706193.2238895,578252352.8739953,100.0,100.0,0.0,0.05377,0.0,42856998.72232509,176031438.3370598,219465253.432873,0.53395,0.51721,0.47135,0.46121,0.53395,0.5723,0.69763,0.74332,0.0,0.05509,0.22628,0.28211
1604770370.37037,028,Antigua and Barbuda,78188792.389,58802175.273,78188792.389,58802175.27300001,17.31092026649777,1319.8468031461457,0.0,0.0,735644.2942602147,710730.807903936,682220.7950840301,669247.8839712841,735644.2942602147,787610.4882182957,959624.6463652088,1025185.8238471396,100.0,100.0,0.0,0.0,0.0,76879.68031435972,277403.85128117865,355937.93987585546,0.04584,0.04429,0.04251,0.0417,0.04584,0.04908,0.0598,0.06388,0.0,0.00479,0.01729,0.02218
47112479289.4186,031,Azerbaijan,21443703882.657,10447885763.830002,21443703882.657,10447885763.830002,4584.805674939054,352624.4577587532,0.0,31242627.49085911,232282001.30029857,228523629.8719287,202510217.5488606,198732641.73376825,232282001.30029857,252962109.649845,300766110.61762583,320873174.7461474,100.0,100.0,0.0,0.06631,0.0,24438479.777916312,98255893.06876522,122140533.01237914,0.49304,0.48506,0.42984,0.42183,0.49304,0.53693,0.6384,0.68108,0.0,0.05187,0.20856,0.25925
524819898586.906,032,Argentina,41407706542.918,19525598853.260002,41407706542.918,19525598853.260002,12464.528285767736,964310.1725317828,0.0,19797429.617793653,619068055.7552769,619970909.1339973,524054482.30012774,507111584.28062165,619068055.7552769,686719058.1567191,807924623.5701448,852993412.0770203,100.0,100.0,0.0,0.00377,0.0,66748149.02272177,283870141.270017,345881827.79639864,0.11796,0.11813,0.09985,0.09663,0.11796,0.13085,0.15394,0.16253,0.0,0.01272,0.05409,0.0659
1428266513154.48,036,Australia,147217909970.514,57642960264.020004,147217909970.514,57642960264.020004,34318.23751324104,2656422.0252735326,0.0,35867175.78239532,1437254167.790262,1404617773.8471832,1207088213.088222,1153905634.7188215,1437254167.790262,1621553096.0904448,1977244843.9551508,2072697647.7048275,100.0,100.0,0.0,0.00251,0.0,216935322.24326158,770156630.8669288,918792012.986006,0.10063,0.09834,0.08451,0.08079,0.10063,0.11353,0.13844,0.14512,0.0,0.01519,0.05392,0.06433
454991174096.094,040,Austria,24480123964.609,45417090184.698,24480123964.609,45417090184.698,5105.243272386511,392531.7339242296,0.0,82838224.92181085,184897051.49933565,172827287.89713746,158441435.54439485,153709919.74604496,184897051.49933565,205225972.81210577,262729576.86747926,276382786.66925013,100.0,100.0,0.0,0.01821,0.0,32398684.91496831,104288141.32308441,122672866.92320517,0.04064,0.03798,0.03482,0.03378,0.04064,0.04511,0.05774,0.06074,0.0,0.00712,0.02292,0.02696
12653600000.0,044,Bahamas,3751683444.9740005,526987768.16800004,3751683444.9740005,526987768.168,354.16581243798095,26987.230622238658,0.0,271919.6825167761,12009671.036969973,11191563.881363643,10507461.756505534,10324656.826270247,12009671.036969973,13331308.393201107,17258617.463126183,18180523.5083786,100.0,100.0,0.0,0.00215,0.0,2139744.511837464,6751155.7066206485,7855866.682108352,0.09491,0.08845,0.08304,0.08159,0.09491,0.10536,0.13639,0.14368,0.0,0.01691,0.05335,0.06208
37802005319.1489,048,Bahrain,7470701075.266999,3575998995.097,7470701075.266999,3575998995.097,751.5256759223472,57871.33513386346,0.0,1814077.778429306,32043859.938836318,31034387.52885643,28063940.942055292,27334345.299223896,32043859.938836318,34585663.55647709,43080334.31260105,45442180.331764266,100.0,100.0,0.0,0.0048,0.0,3551276.027620662,15016393.37054576,18107835.03254037,0.08477,0.0821,0.07424,0.07231,0.08477,0.09149,0.11396,0.12021,0.0,0.00939,0.03972,0.0479
321379163135.647,050,Bangladesh,367815292.24,402784371.402,367815292.23999995,402784371.402,129.99209236191908,9892.383541103603,0.0,41426.6239514762,4393672.378306398,4221634.9638603255,3952584.77919469,3814547.1923544593,4393672.378306398,4850619.304225901,6056438.19104835,6346168.829750157,100.0,100.0,0.0,1e-05,0.0,628984.3403655756,2103853.4118536604,2531621.6373956976,0.00137,0.00131,0.00123,0.00119,0.00137,0.00151,0.00188,0.00197,0.0,0.0002,0.00065,0.00079
12457940705.3088,051,Armenia,216755244.379,378190822.65000004,216755244.379,378190822.65000004,27.83510998079153,2137.7970471139797,0.0,212349.74386151382,1105395.2241147915,1056772.043836564,963213.4971059344,934578.7805977411,1105395.2241147915,1224184.5797203323,1549890.1732477082,1639748.4240703466,100.0,100.0,0.0,0.0017,0.0,167412.53588376823,586676.6761417738,705169.6434726055,0.00887,0.00848,0.00773,0.0075,0.00887,0.00983,0.01244,0.01316,0.0,0.00134,0.00471,0.00566
5097283200.0,052,Barbados,496191244.50499994,171592527.885,496191244.505,171592527.885,88.41514338233354,6754.436637324573,0.0,0.0089589953703071,4173747.659441448,4009930.848239452,3829143.7435312443,3802272.6748561314,4173747.659441448,4663221.493230459,5821383.216819456,6139036.474097671,100.0,100.0,0.0,0.0,0.0,653290.6449910072,1992239.4732882115,2336763.7992415396,0.08188,0.07867,0.07512,0.07459,0.08188,0.09148,0.11421,0.12044,0.0,0.01282,0.03908,0.04584
543299066998.892,056,Belgium,118158204366.278,117868539435.806,118158204366.278,117868539435.806,17674.456499663138,1344488.5935890798,0.0,259926387.25934777,634055091.2479445,600865393.3892096,551055127.6668295,537289522.9689631,634055091.2479445,681423401.171775,850636903.2303926,901144792.2792943,100.0,100.0,0.0,0.04784,0.0,80558007.78256536,299581775.5635631,363855269.3103311,0.1167,0.1106,0.10143,0.09889,0.1167,0.12542,0.15657,0.16587,0.0,0.01483,0.05514,0.06697
7225977000.0,060,Bermuda,1734772.2159999998,3534656.402,1734772.2159999998,3534656.4020000002,0.3501079314718753,26.677347182220572,0.0,0.4584451436935423,10550.310456161493,9779.859309020247,9616.037882808045,9585.388650889314,10550.310456161493,12043.435081998809,15647.359563277263,16410.309218495386,100.0,100.0,0.0,0.0,0.0,2263.575772978562,6031.321680469218,6824.920567606072,0.00015,0.00014,0.00013,0.00013,0.00015,0.00017,0.00022,0.00023,0.0,3e-05,8e-05,9e-05
2446867582.27133,064,Bhutan,332053101.121,100653154.97,332053101.121,100653154.97000001,23.129010841178687,1774.2819647525046,0.0,17855.534009615247,1232799.3011130951,1217550.140122464,1082606.631277122,1052776.3901988291,1232799.3011130951,1379160.779912018,1630200.2203859156,1715553.9573694884,100.0,100.0,0.0,0.00073,0.0,161610.63978955406,547593.5891087935,662777.5671706593,0.05038,0.04976,0.04424,0.04303,0.05038,0.05636,0.06662,0.07011,0.0,0.0066,0.02238,0.02709
40287647930.5355,068,Bolivia (Plurinational State of),4365474308.614,2395944447.159,4365474308.614,2395944447.159,702.097530751706,54132.45797562609,0.0,546595.7994964636,27939809.691376656,27985942.207220443,23610532.061674207,23098531.301742435,27939809.691376656,31996384.920477916,37851756.635465465,40057471.75202474,100.0,100.0,0.0,0.00136,0.0,4010442.713257473,14241224.573791258,16958940.450282305,0.06935,0.06947,0.0586,0.05733,0.06935,0.07942,0.09395,0.09943,0.0,0.00995,0.03535,0.04209
20484048415.5019,070,Bosnia and Herzegovina,2230061294.969,1146985217.425,2230061294.969,1146985217.425,246.64385573325566,18826.95022863652,0.0,4233521.625178823,12469168.67259774,11949944.953137746,11103291.887135508,10815270.25147413,12469168.67259774,13531567.748636264,16063726.338561907,16900712.50846128,100.0,100.0,0.0,0.02067,0.0,1581622.7954985183,4960434.4514264,6085442.256987151,0.06087,0.05834,0.0542,0.0528,0.06087,0.06606,0.07842,0.08251,0.0,0.00772,0.02422,0.02971
17031943186.1353,072,Botswana,38490442.623,89428029.49599999,38490442.623,89428029.49599999,6.358950969166716,490.1695711774452,0.0,1207.6674164755927,203233.05986595707,188042.28685729622,173035.99739616294,165929.42104718703,203233.05986595707,223581.16567002342,296186.83334475907,312262.7245602288,100.0,100.0,0.0,1e-05,0.0,35538.8788127272,123150.83594859613,146333.30351304178,0.00119,0.0011,0.00102,0.00097,0.00119,0.00131,0.00174,0.00183,0.0,0.00021,0.00072,0.00086
1916933708404.16,076,Brazil,164440652423.12402,76774341430.71,164440652423.12402,76774341430.71,49061.871088083055,3794955.865599822,0.0,110477864.02524179,2018360173.2345793,1992992184.9019725,1715664569.829258,1627216973.3215904,2018360173.2345793,2283248354.011584,2772272621.7769194,2906974968.5698915,100.0,100.0,0.0,0.00576,0.0,290256169.1096113,1056608051.9476614,1279757995.248301,0.10529,0.10397,0.0895,0.08489,0.10529,0.11911,0.14462,0.15165,0.0,0.01514,0.05512,0.06676
2315000000.0,084,Belize,203612139.838,88866299.338,203612139.838,88866299.338,68.86871294964709,5282.215043550847,0.0,463714.4159599133,4347930.02998097,4346988.933626147,3681152.9310680963,3728475.039462441,4347930.02998097,4787709.501415928,5554653.75737278,6113738.175291935,100.0,100.0,0.0,0.02003,0.0,440720.5677897809,1873500.8263046835,2385263.135829494,0.18782,0.18777,0.15901,0.16106,0.18782,0.20681,0.23994,0.26409,0.0,0.01904,0.08093,0.10304
1615478421.45974,090,Solomon Islands,3013232715.444,501766316.447,3013232715.444,501766316.447,1369.4443450653157,105399.62295257064,0.0,0.0,57681001.5851822,54448523.99760681,49878780.192697585,47483042.56448703,57681001.5851822,62375328.79370422,83740844.48401418,89223027.68967752,100.0,100.0,0.0,0.0,0.0,7926804.796097413,33862064.2913166,41739985.12519049,3.57052,3.37043,3.08755,2.93926,3.57052,3.86111,5.18366,5.52301,0.0,0.49068,2.0961,2.58375
,092,British Virgin Islands,640844.3330000001,6565570.368,640844.3330000001,6565570.368,0.21696393368694739,16.573634128869895,0.0,0.0,5775.857375946098,5352.126063176334,5285.672880771174,5283.853427792632,5775.857375946098,6616.147962407518,8597.047950843278,9022.627812945171,100.0,100.0,,,0.0,1264.0218992311839,3311.375070072104,3738.7743851525393,,,,,,,,,,,,
13567164444.9707,096,Brunei Darussalam,9196055004.601002,4031088425.573,9196055004.601002,4031088425.573,2553.0120646623195,196180.7577291362,0.0,0.0,133011323.67718688,129808918.10847189,118929762.38745803,118862584.4075801,133011323.67718688,146905355.0019728,178592720.6508066,191534791.72909015,100.0,100.0,0.0,0.0,0.0,17096436.89350091,59662958.26334858,72672207.32151005,0.98039,0.95679,0.8766,0.8761,0.98039,1.0828,1.31636,1.41175,0.0,0.12601,0.43976,0.53565
66399602077.1693,100,Bulgaria,7741363191.287,3124050442.171,7741363191.287,3124050442.171,990.0867120430613,76053.43566135131,0.0,14021834.34913123,43715716.612702146,43573431.85839642,37877497.92171868,37387567.10736424,43715716.612702146,48818800.96604004,57416451.87782656,61412773.85771235,100.0,100.0,0.0,0.02112,0.0,5245369.107643619,19538953.956107877,24025206.750348113,0.06584,0.06562,0.05704,0.05631,0.06584,0.07352,0.08647,0.09249,0.0,0.0079,0.02943,0.03618
67144726167.9294,104,Myanmar,5111752700.513,2186416700.435,5111752700.513,2186416700.435,2318.605089541412,178293.80177780666,0.0,0.0,122618631.42899202,120967032.35863192,110185901.87886599,108174382.66771518,122618631.42899202,135730707.73049554,161744573.79929146,172386526.62250566,100.0,100.0,0.0,0.0,0.0,14763675.371863618,51558671.920425475,64212143.95479049,0.18262,0.18016,0.1641,0.16111,0.18262,0.20215,0.24089,0.25674,0.0,0.02199,0.07679,0.09563
2667182198.97925,108,Burundi,7476475.937000001,9960530.196,7476475.937000001,9960530.196,1.0125302349537941,77.51484835364562,0.0,0.0,24851.0109265522,22849.35411140784,20905.37825616548,20123.774995885007,24851.0109265522,27642.661782057767,35956.873749564904,37792.930956461285,100.0,100.0,0.0,0.0,0.0,4793.307670649927,15051.495493399423,17669.155960576278,0.00093,0.00086,0.00078,0.00075,0.00093,0.00104,0.00135,0.00142,0.0,0.00018,0.00056,0.00066
60031163987.191,112,Belarus,17692624424.11,9896537173.692001,17692624424.11,9896537173.692001,2533.039992602562,193204.84239466916,0.0,31899676.94423603,105858419.74631087,105317121.0754978,90396538.88408913,87891082.95743941,105858419.74631087,119233271.27147159,141827240.34333438,149896203.00631553,100.0,100.0,0.0,0.05314,0.0,13916150.195973784,51430701.45924525,62005120.04887612,0.17634,0.17544,0.15058,0.14641,0.17634,0.19862,0.23626,0.2497,0.0,0.02318,0.08567,0.10329
24571753581.7841,116,Cambodia,709482283.056,753218163.213,709482283.056,753218163.2129999,113.43831031128697,8714.352854711895,0.0,0.0,4287755.873061063,4136499.874416515,3791088.0359451226,3630282.3914496778,4287755.873061063,4755599.760239245,5998603.0058407895,6291429.378376039,100.0,100.0,0.0,0.0,0.0,619099.8858227301,2207514.969895667,2661146.986926361,0.01745,0.01683,0.01543,0.01477,0.01745,0.01935,0.02441,0.0256,0.0,0.00252,0.00898,0.01083
39973842058.565,120,Cameroon,2114687492.521,1193824659.979,2114687492.521,1193824659.979,317.82908073400125,24550.010287398185,0.0,1900513.347174467,14628304.958820457,13964363.530028902,12545047.3449673,12265006.994718097,14628304.958820457,15969407.801039768,19903391.86775727,21162396.71864259,100.0,100.0,0.0,0.00475,0.0,2005044.2710108664,7358344.522789968,8897389.723924492,0.03659,0.03493,0.03138,0.03068,0.03659,0.03995,0.04979,0.05294,0.0,0.00502,0.01841,0.02226
1725297938435.76,124,Canada,262660257073.734,201770951056.46002,262660257073.734,201770951056.46,32552.261860742787,2488930.9926199615,0.0,56710444.89254228,1324256113.176125,1285170865.4471595,1113137478.229054,1078649121.1791964,1324256113.176125,1467851879.875292,1795184678.3850346,1896657274.0522006,100.0,100.0,0.0,0.00329,0.0,182681014.42813253,682047200.1559806,818008152.8730042,0.07676,0.07449,0.06452,0.06252,0.07676,0.08508,0.10405,0.10993,0.0,0.01059,0.03953,0.04741
2205099509.15921,132,Cabo Verde,24341939.877,81174081.31400001,24341939.877,81174081.31400001,6.162331100079866,472.7475826810954,0.0,55617.378864208906,280537.5366081343,261231.6018061366,254114.71356645296,252054.9467199732,280537.5366081343,320511.8984122918,417734.182077241,438871.3017013617,100.0,100.0,0.0,0.00252,0.0,59280.29660615517,163619.46851078805,186816.35498138852,0.01272,0.01185,0.01152,0.01143,0.01272,0.01454,0.01894,0.0199,0.0,0.00269,0.00742,0.00847
5530178498.90783,136,Cayman Islands,2228243.523,12286226.872000001,2228243.523,12286226.872000001,0.41837475244653183,32.05044986991569,0.0,0.0,15446.522055113808,14292.171238203498,14140.403119748664,14145.229230731748,15446.522055113808,17749.057304881007,23081.687477300708,24220.6734959393,100.0,100.0,0.0,0.0,0.0,3456.886066677509,8941.284357552044,10075.444265207552,0.00028,0.00026,0.00026,0.00026,0.00028,0.00032,0.00042,0.00044,0.0,6e-05,0.00016,0.00018
2220979144.52008,140,Central African Republic,11757562.586,8480367.255,11757562.586,8480367.254999999,4.388350061712436,339.7334848820359,0.0,37431.677946563774,161825.99999539563,140533.73103192603,130239.08501634625,124773.4062987932,161825.99999539563,178232.34949681797,243665.07831784562,256400.83616327145,100.0,100.0,0.0,0.00169,0.0,37698.618464891944,113425.99330149937,131627.42986447824,0.00729,0.00633,0.00586,0.00562,0.00729,0.00802,0.01097,0.01154,0.0,0.0017,0.00511,0.00593
94493871351.4217,144,Sri Lanka,1140972257.66,2777380497.298,1140972257.66,2777380497.298,421.3442838667006,32570.760710997703,0.0,619533.3931282698,12449950.811588636,11049426.741307005,10060496.912194235,9618942.980223231,12449950.811588636,13648674.60359012,18146445.017696623,19050858.10987597,100.0,100.0,0.0,0.00066,0.0,2599247.8622831143,8085948.1055023875,9431915.129652739,0.01318,0.01169,0.01065,0.01018,0.01318,0.01444,0.0192,0.02016,0.0,0.00275,0.00856,0.00998
11239167890.2816,148,Chad,1692342499.6080005,676894105.549,1692342499.6080005,676894105.5490001,463.33290296498063,35732.6979756466,0.0,1574734.990230417,23355512.652979646,22337746.934115242,20138126.297240853,19346761.78897419,23355512.652979646,24317535.118135113,31069472.10814839,32619538.997005012,100.0,100.0,0.0,0.01401,0.0,1979788.184019871,10931345.810907535,13272777.208030824,0.2078,0.19875,0.17918,0.17214,0.2078,0.21636,0.27644,0.29023,0.0,0.01762,0.09726,0.11809
295402646018.151,152,Chile,19857535902.034,25048249196.282,19857535902.034,25048249196.282,9048.149571520264,700110.1610278725,0.0,9751975.438869474,318108271.89772743,300769180.0249384,258395766.3211738,250244990.20441446,318108271.89772743,354909269.66526,447261380.3107128,473560114.9473582,100.0,100.0,0.0,0.0033,0.0,54140089.64032161,188865613.98953903,223315124.74294373,0.10769,0.10182,0.08747,0.08471,0.10769,0.12014,0.15141,0.16031,0.0,0.01833,0.06393,0.0756
13894907485398.9,156,China,300220514102.472,645995900325.902,300220514102.472,645995900325.902,91107.24781598347,7039925.333135702,0.0,69641865.97617409,2932777289.571291,2758257144.1761384,2473447312.759,2373426075.633207,2932777289.571291,3273854748.6828127,4224591024.23206,4446258053.037317,100.0,100.0,0.0,0.0005,0.0,515597604.5066743,1751143711.4730601,2072831977.4041104,0.02111,0.01985,0.0178,0.01708,0.02111,0.02356,0.0304,0.032,0.0,0.00371,0.0126,0.01492
,162,Christmas Island,50939550.375,5310610.637,50939550.375,5310610.637,7.480655789444683,574.5353470880838,0.0,0.0,557129.4033575321,561651.3978698496,466516.59758575726,473578.1449385083,557129.4033575321,610813.5271861809,698129.0759253772,773764.6198364918,100.0,100.0,,,0.0,49162.12931633135,231612.47833961993,300186.4748979835,,,,,,,,,,,,
334198218100.716,170,Colombia,71313158752.498,25166736996.985,71313158752.498,25166736996.984997,15299.372125326205,1182181.2129554537,0.0,24627140.423690956,644067770.8011991,644545623.2355869,548582621.0857761,531477094.6406066,644067770.8011991,743617625.4784791,888759545.0618514,933928388.4506575,100.0,100.0,0.0,0.00737,0.0,99072002.24289227,340176923.9760753,402451293.8100509,0.19272,0.19286,0.16415,0.15903,0.19272,0.22251,0.26594,0.27945,0.0,0.02964,0.10179,0.12042
1188797449.96036,174,Comoros,3359970.486,5786139.786,3359970.4860000005,5786139.786,0.5462205725882604,41.97339338897603,0.0,0.0,22111.120665713886,20745.412737688177,19186.66657433329,17909.511561431515,22111.120665713886,23889.468119093617,32519.66802629895,34182.32035367074,100.0,100.0,0.0,0.0,0.0,3144.05538140544,13333.001451965662,16272.808792239222,0.00186,0.00175,0.00161,0.00151,0.00186,0.00201,0.00274,0.00288,0.0,0.00026,0.00112,0.00137
47568210020.9338,180,"Congo, Dem. Rep. of the",746552217.525,949230739.238,746552217.525,949230739.238,164.19738336522963,12707.803622487723,0.0,282062.4578924454,8362249.152607452,8439614.684433075,7046353.667182537,6857279.226079919,8362249.152607452,9739691.142025422,11486068.617372096,12085054.696856052,100.0,100.0,0.0,0.00059,0.0,1300076.4575923476,4439714.950189559,5227775.470776132,0.01758,0.01774,0.01481,0.01442,0.01758,0.02048,0.02415,0.02541,0.0,0.00273,0.00933,0.01099
62420164964.6987,188,Costa Rica,3507607699.7790003,5628906558.391,3507607699.7790003,5628906558.391001,1565.321325661335,120807.7340163592,0.0,9961982.933634931,45976001.095594466,41989708.44329029,40460863.871348664,37816615.00256119,45976001.095594466,50298208.52228841,72274304.37675025,75720046.1518882,100.0,100.0,0.0,0.01596,0.0,8308500.078998119,31813440.50540158,37903431.14932702,0.07366,0.06727,0.06482,0.06058,0.07366,0.08058,0.11579,0.12131,0.0,0.01331,0.05097,0.06072
61330483609.8835,191,Croatia,4386124463.659,2553914312.195,4386124463.659,2553914312.1949997,494.01850531218656,37693.09099933636,0.0,8271442.949549232,25869572.534625307,25182662.651556965,23188354.854290973,22533648.6857369,25869572.534625307,28243828.260869373,33022785.492609333,34636013.26889265,100.0,100.0,0.0,0.01349,0.0,3061165.6093124077,9834430.63831836,12102364.583155755,0.04218,0.04106,0.03781,0.03674,0.04218,0.04605,0.05384,0.05647,0.0,0.00499,0.01604,0.01973
100050000000.0,192,Cuba,750347025.8540001,441872272.511,750347025.8540001,441872272.511,408.96609274016635,31615.60847411029,0.0,1473414.652537569,18301713.98933494,18197895.394604754,15560934.088371722,15351992.631386945,18301713.98933494,20692733.973340996,25006963.11841974,26840463.098582894,100.0,100.0,0.0,0.00147,0.0,2494838.578736242,9446029.030048018,11488470.467195949,0.01829,0.01819,0.01555,0.01534,0.01829,0.02068,0.02499,0.02683,0.0,0.00249,0.00944,0.01148
25597301190.678,196,Cyprus,2430521111.018,1150647343.507,2430521111.018,1150647343.507,303.43628125529074,23358.979814781724,0.0,827240.8006364562,10279185.166037796,9833538.781628335,9053857.222761802,8828644.55201538,10279185.166037796,11044272.938921079,13798155.849973647,14584664.751999728,100.0,100.0,0.0,0.00323,0.0,1210734.1572927441,4744298.627211845,5756020.199984349,0.04016,0.03842,0.03537,0.03449,0.04016,0.04315,0.0539,0.05698,0.0,0.00473,0.01853,0.02249
249000540729.179,203,Czechia,17362345677.375,45358068125.946,17362345677.375,45358068125.946,1716.1627180193984,130615.66357136834,0.0,27038773.855490558,56999075.883279614,53715399.93376809,50101072.66691024,48745249.86731346,56999075.883279614,62900677.13073944,79502860.03834143,83525961.03634107,100.0,100.0,0.0,0.01086,0.0,9185277.19697135,29401787.371431194,34780711.16902761,0.02289,0.02157,0.02012,0.01958,0.02289,0.02526,0.03193,0.03354,0.0,0.00369,0.01181,0.01397
14262408079.7005,204,Benin,166910778.743,84327083.75700001,166910778.743,84327083.75700003,14.654568101476514,1128.4392663103606,0.0,1857.9638532280487,445294.2702412404,440386.86280797306,381105.70914868894,375005.5699815279,445294.2702412404,500425.5980809376,603698.1020603237,639762.7248327114,100.0,100.0,0.0,1e-05,0.0,60038.73527296452,222592.39291163476,264757.15485118347,0.00312,0.00309,0.00267,0.00263,0.00312,0.00351,0.00423,0.00449,0.0,0.00042,0.00156,0.00186
356841216410.068,208,Denmark,11566485685.346,21435527025.199,11566485685.346,21435527025.199,2326.710092563048,176184.29743257788,0.0,32768557.798333712,93181563.92919241,89689036.4402703,81380521.3920505,79156057.38566515,93181563.92919241,102488552.9066859,126910420.92886582,134462042.2656688,100.0,100.0,0.0,0.00918,0.0,12799516.466415599,45529899.536815315,55305984.88000366,0.02611,0.02513,0.02281,0.02218,0.02611,0.02872,0.03556,0.03768,0.0,0.00359,0.01276,0.0155
554770370.37037,212,Dominica,4338952.578,12239745.994,4338952.578,12239745.994,0.7674746795086828,59.102939944066605,0.0,0.0,37065.81209268036,34328.879092885654,33807.73892920291,33641.66453659263,37065.81209268036,42394.20227989675,55363.24144899242,58118.315378965504,100.0,100.0,0.0,0.0,0.0,8065.323187011098,21555.50251978951,24476.650842372874,0.00668,0.00619,0.00609,0.00606,0.00668,0.00764,0.00998,0.01048,0.0,0.00145,0.00389,0.00441
85555390385.9812,214,Dominican Republic,1103851973.364,2436088776.789,1103851973.364,2436088776.789,245.78684786506008,18924.373255294446,0.0,379732.21997625835,8399461.19444284,7711160.58679575,7139144.4155418,6891988.517637054,8399461.19444284,9268851.705560531,12249436.101928135,12920981.682756247,100.0,100.0,0.0,0.00044,0.0,1557691.1187647814,5110291.686386336,6028993.165119193,0.00982,0.00901,0.00834,0.00806,0.00982,0.01083,0.01432,0.0151,0.0,0.00182,0.00597,0.00705
107562008000.0,218,Ecuador,16642341232.085001,9151933460.831,16642341232.085001,9151933460.831,4031.8170761022634,311111.0800555975,0.0,1126864.152672429,170797427.67964345,166295786.7472763,146187025.87108764,141597166.0294419,170797427.67964345,187537712.52345335,232830059.11575887,245173794.97305274,100.0,100.0,0.0,0.00105,0.0,21241925.77617705,86643033.24467123,103576628.94361085,0.15879,0.1546,0.13591,0.13164,0.15879,0.17435,0.21646,0.22794,0.0,0.01975,0.08055,0.09629
26020850000.0,222,El Salvador,1097587020.723,805266646.551,1097587020.723,805266646.551,146.615533236223,11328.4803891439,0.0,1546.6333795983303,6697863.312074742,6767295.75274207,5660771.351813679,5494350.780969389,6697863.312074742,7673222.500804899,9010588.020538906,9499473.339519178,100.0,100.0,0.0,1e-05,0.0,905926.7480628295,3349816.668725227,4005122.5585497897,0.02574,0.02601,0.02175,0.02112,0.02574,0.02949,0.03463,0.03651,0.0,0.00348,0.01287,0.01539
13097012124.2261,226,Equatorial Guinea,6844501708.802001,3262433186.4089994,6844501708.802001,3262433186.4089994,4286.406414802558,329213.4065737052,0.0,4364987.201832817,232347490.68647218,229932418.69875732,195919267.02521214,195335634.22381994,232347490.68647218,249182627.52341732,296230568.1342017,323052551.0661798,100.0,100.0,0.0,0.03333,0.0,19250208.824660003,100311301.10898957,127716916.84235987,1.77405,1.75561,1.49591,1.49145,1.77405,1.90259,2.26182,2.46661,0.0,0.14698,0.76591,0.97516
84269196152.0333,231,Ethiopia,220194355.48400003,313377725.177,220194355.48400003,313377725.177,30.888645335166864,2388.5691529932355,0.0,5752.350848626629,1598918.284567332,1601877.213655859,1346480.9073390104,1323516.1350453612,1598918.284567332,1853937.9977659036,2183583.5406017057,2312005.061852843,100.0,100.0,0.0,1e-05,0.0,252060.7841100446,837102.6332626953,988488.9268074818,0.0019,0.0019,0.0016,0.00157,0.0019,0.0022,0.00259,0.00274,0.0,0.0003,0.00099,0.00117
,232,Eritrea,33501.037,63564.514,33501.037,63564.513999999996,0.0021629599518068,0.1648433960013214,0.0,0.0,81.04746616186779,74.69798372995011,70.84405542764807,66.15293285455888,81.04746616186779,87.21169085939762,123.24117566566864,130.08905345422886,100.0,100.0,,,0.0,12.51370712944751,52.39712023802056,63.93612059966998,,,,,,,,,,,,
30624720196.2285,233,Estonia,5072086299.104,3746969931.682,5072086299.104,3746969931.682,854.500088388606,64704.23844518552,0.0,12691548.791181084,33936914.381215245,32653950.420281045,29330713.916111287,28232998.91458923,33936914.381215245,36934287.70272229,46381181.087610215,48895601.27592407,100.0,100.0,0.0,0.04144,0.0,4280337.2824412435,17050467.17149893,20662602.36133484,0.11082,0.10663,0.09577,0.09219,0.11082,0.1206,0.15145,0.15966,0.0,0.01398,0.05568,0.06747
3188601035.1907,234,Faroe Islands,130118014.939,283126830.959,130118014.939,283126830.959,23.47148727239152,1773.9382926141338,0.0,425745.1902273922,738870.7872136115,684844.0205783353,653757.8365485868,625800.4169703572,738870.7872136115,807451.3362856372,1085316.9646503257,1143612.047596427,100.0,100.0,0.0,0.01335,0.0,122607.31570730195,431559.12810173887,517811.63062606973,0.02317,0.02148,0.0205,0.01963,0.02317,0.02532,0.03404,0.03587,0.0,0.00385,0.01353,0.01624
5581425890.96651,242,Fiji,474446075.545,306752026.442,474446075.545,306752026.44200003,154.86224989312495,11970.696239197272,0.0,0.0,5270796.585878698,4846984.783185449,4638933.042322998,4369403.756376761,5270796.585878698,5871987.306675022,8358908.092987704,8738732.9890841,100.0,100.0,0.0,0.0,0.0,1025002.5234895721,3719975.050664706,4369329.232707339,0.09443,0.08684,0.08311,0.07828,0.09443,0.10521,0.14976,0.15657,0.0,0.01836,0.06665,0.07828
275708001767.838,246,Finland,16504135625.119999,17771208758.005,16504135625.119999,17771208758.005,3689.8123123640657,278077.15224486584,0.0,60157967.27477428,136737999.71455595,130515371.7035437,121186962.71171708,117686896.23961224,136737999.71455595,149053287.4878582,188721615.58299407,199367140.30781546,100.0,100.0,0.0,0.02182,0.0,18537915.784314513,67534652.87127699,81680244.06820323,0.0496,0.04734,0.04395,0.04269,0.0496,0.05406,0.06845,0.07231,0.0,0.00672,0.02449,0.02963
2790956878746.61,250,France,81616419343.542,165503476370.326,81616419343.542,165503476370.326,10265.269390822003,784773.8630644395,0.0,143330113.49515787,425646772.7449478,406101704.08691716,372199468.5096248,359943229.7428997,425646772.7449478,465056666.7796556,576506889.1713535,607162606.4293107,100.0,100.0,0.0,0.00514,0.0,58954962.692738414,204307420.66172868,247219376.68641096,0.01525,0.01455,0.01334,0.0129,0.01525,0.01666,0.02066,0.02175,0.0,0.00211,0.00732,0.00886
6135116260.64814,258,French Polynesia,11511703.066,24154161.831,11511703.066,24154161.830999997,3.7279629200719353,287.75747967409603,0.0,0.0,202239.93285434804,186682.3533908957,179913.4676897729,176938.60091930916,202239.93285434804,229494.82467425612,304466.3530118169,320114.61383970117,100.0,100.0,0.0,0.0,0.0,42812.47128336041,124552.88532204402,143176.012920392,0.0033,0.00304,0.00293,0.00288,0.0033,0.00374,0.00496,0.00522,0.0,0.0007,0.00203,0.00233
2913466732.12507,262,Djibouti,14573708.639,8960801.427,14573708.639,8960801.427000001,2.285672353050962,176.85873972774266,0.0,4.545133782012455,93431.13105142297,88343.3985740453,76997.81446230772,75456.97743365404,93431.13105142297,104318.45482392398,131304.23960925185,140155.01063752323,100.0,100.0,0.0,0.0,0.0,15975.056249878675,54306.42514694412,64698.033203869185,0.00321,0.00303,0.00264,0.00259,0.00321,0.00358,0.00451,0.00481,0.0,0.00055,0.00186,0.00222
16867326389.8696,266,Gabon,4702957936.706,1902108746.129,4702957936.706,1902108746.129,889.2706182129679,68792.83492694197,0.0,1880798.154978371,50340849.743133955,51795022.578999855,42542152.83239923,42075020.766673625,50340849.743133955,59709871.26929135,68489220.62937577,72335187.41895168,100.0,100.0,0.0,0.01115,0.0,7914848.690291494,25947067.796976544,30260166.65227805,0.29845,0.30707,0.25222,0.24945,0.29845,0.354,0.40605,0.42885,0.0,0.04692,0.15383,0.1794
17596922469.9152,268,Georgia,646491161.685,413398822.64,646491161.685,413398822.64,59.71360637479401,4567.812883533171,0.0,399432.4607582003,2589994.485301123,2523555.7119328454,2282968.585876312,2236200.784003815,2589994.485301123,2835310.3783697905,3448142.9357754528,3672153.6112783696,100.0,100.0,0.0,0.00227,0.0,311754.6664369451,1165174.3498991407,1435952.8272745544,0.01472,0.01434,0.01297,0.01271,0.01472,0.01611,0.0196,0.02087,0.0,0.00177,0.00662,0.00816
1670671340.37966,270,Gambia,10716153.665,12159064.34,10716153.665,12159064.34,1.0740760333821062,81.63855776306714,0.0,1062.5559916206844,21556.18628616025,20808.42305152187,18964.174484434105,18646.162675957134,21556.18628616025,23608.66112341601,29769.98030940563,31836.419710499522,100.0,100.0,0.0,6e-05,0.0,2800.2380718941386,10805.805824971525,13190.257034542388,0.00129,0.00125,0.00114,0.00112,0.00129,0.00141,0.00178,0.00191,0.0,0.00017,0.00065,0.00079
3974443355019.53,276,Germany,154021174348.846,436344967042.95703,154021174348.846,436344967042.95703,28000.50418772963,2137306.6295120325,0.0,396336919.6435115,1105001712.4083326,1057822031.4847234,1006589995.7468745,993814750.0323628,1105001712.4083326,1216683412.9321156,1551871072.3343382,1633823093.3551612,100.0,100.0,0.0,0.00997,0.0,158861381.4473921,545281076.5874637,640008343.3227984,0.0278,0.02662,0.02533,0.02501,0.0278,0.03061,0.03905,0.04111,0.0,0.004,0.01372,0.0161
67298913752.0241,288,Ghana,5735882129.04,2427015764.125,5735882129.04,2427015764.125,1457.7632306194153,112529.42445281659,0.0,5314861.759169953,58830631.8806708,57927457.811594054,49988135.224221095,48341508.035204604,58830631.8806708,65736876.31267852,80108026.57321881,84426866.79583773,100.0,100.0,0.0,0.0079,0.0,7809418.501084469,30119891.348997712,36085358.760633126,0.08742,0.08607,0.07428,0.07183,0.08742,0.09768,0.11903,0.12545,0.0,0.0116,0.04476,0.05362
,292,Gibraltar,106751989.53400001,101769971.53299999,106751989.53400001,101769971.53299999,12.972295302209174,996.4891588012727,0.0,237775.58640174245,565031.3524314342,547779.3747366214,485168.6090150754,474507.2330570994,565031.3524314342,611827.5308957961,743442.4998418245,789736.6316280364,100.0,100.0,,,0.0,64048.156159174745,258273.89082674915,315229.398570937,,,,,,,,,,,,
196501504.185186,296,Kiribati,2652.923,14292.507000000001,2652.923,14292.507000000001,0.0007661549293146133,0.0589865738724927,0.0,0.0,26.07584764362764,24.083843859990484,23.450506351190757,22.866020700477016,26.07584764362764,29.23067297619773,39.26063006097123,41.29342905096059,100.0,100.0,0.0,0.0,0.0,5.146829116207247,15.810123709780473,18.427408350483574,1e-05,1e-05,1e-05,1e-05,1e-05,1e-05,2e-05,2e-05,0.0,0.0,1e-05,1e-05
212049447242.107,300,Greece,21261034324.864002,13090081568.853,21261034324.864002,13090081568.853,3602.660738549662,277291.27282280143,0.0,42171223.356767274,171187574.79446885,168633776.14723614,147955069.43893987,144982504.92739892,171187574.79446885,190079296.09769532,226879034.46176594,240988992.03067452,100.0,100.0,0.0,0.01989,0.0,21445519.950459182,78923965.02282608,96006487.1032756,0.08073,0.07953,0.06977,0.06837,0.08073,0.08964,0.10699,0.11365,0.0,0.01011,0.03722,0.04528
3055791340.7025,304,Greenland,113562474.769,423241040.025,113562474.769,423241040.025,114.46489210266483,8757.732553227605,0.0,1050927.9063873126,2488856.1379604116,2301367.518333691,2277656.6967248446,2278787.24005694,2488856.1379604116,2860764.1619104994,3720074.6585249007,3903739.207307149,100.0,100.0,0.0,0.03439,0.0,559396.6435768083,1442417.961800056,1624951.9672502093,0.08145,0.07531,0.07454,0.07457,0.08145,0.09362,0.12174,0.12775,0.0,0.01831,0.0472,0.05318
1166514814.81481,308,Grenada,11256482.969,16307718.505,11256482.969,16307718.505,1.3349526338847812,102.51751967088792,0.0,0.0,43769.27258011466,41035.5073798308,38140.568268085,36307.4677620635,43769.27258011466,47417.16501884992,64298.13654218519,68357.22193079053,100.0,100.0,0.0,0.0,0.0,6381.6576390191185,26157.568274100187,32049.754168727035,0.00375,0.00352,0.00327,0.00311,0.00375,0.00406,0.00551,0.00586,0.0,0.00055,0.00224,0.00275
6056000000.0,316,Guam,4308094.267,8622367.807,4308094.267,8622367.807,1.3597377189979127,104.57032619483275,0.0,0.0,60512.07790308608,57370.53323613116,54709.57071535655,52659.5890682826,60512.07790308608,64505.94473246111,83614.05960114567,88777.8994173936,100.0,100.0,0.0,0.0,0.0,7135.411496329951,28904.488885789113,36118.310349110994,0.001,0.00095,0.0009,0.00087,0.001,0.00107,0.00138,0.00147,0.0,0.00012,0.00048,0.0006
73328369925.8478,320,Guatemala,4126665753.387,2237632852.432,4126665753.387,2237632852.432,1275.2576734695656,98482.75465867139,0.0,6123083.871960469,61556904.80910624,60535978.63869458,52357879.04969935,52049273.91136541,61556904.80910624,68133744.40421943,82036978.7562231,88425006.04052465,100.0,100.0,0.0,0.00835,0.0,7597765.765524857,29679099.706523746,36375732.129159234,0.08395,0.08255,0.0714,0.07098,0.08395,0.09292,0.11188,0.12059,0.0,0.01036,0.04047,0.04961
11857030366.4598,324,Guinea,6512462806.072,373836291.989,6512462806.0720005,373836291.989,700.607959358934,54015.13213481845,0.0,6200473.411544487,35791192.11843095,35961388.592489146,30171491.146659426,28513999.505126975,35791192.11843095,39692743.357822046,46240196.75910118,48118253.17800596,100.0,100.0,0.0,0.05229,0.0,3731354.7653329,16068705.612441756,19604253.672878988,0.30186,0.30329,0.25446,0.24048,0.30186,0.33476,0.38998,0.40582,0.0,0.03147,0.13552,0.16534
4787637005.53638,328,Guyana,539428330.5400001,162302377.692,539428330.5400001,162302377.692,101.2107015445954,7793.60762850384,0.0,290747.44534885057,6498779.060486367,6529484.833919869,5684105.648142653,5628171.169994759,6498779.060486367,7209495.089204476,8200547.149574771,8791380.520673854,100.0,100.0,0.0,0.00607,0.0,680010.2552846074,2516441.501432118,3163209.350679095,0.13574,0.13638,0.11872,0.11756,0.13574,0.15059,0.17129,0.18363,0.0,0.0142,0.05256,0.06607
16403864521.4121,332,Haiti,54574272.081,356791983.998,54574272.081,356791983.998,9.588493192518055,737.1856309080832,0.0,0.0,340681.40068323066,315052.42182316113,306630.92329867376,300056.862175662,340681.40068323066,383454.1933850277,513042.7322995414,539495.92448429,100.0,100.0,0.0,0.0,0.0,68401.77156186657,206411.80900086765,239439.06230862794,0.00208,0.00192,0.00187,0.00183,0.00208,0.00234,0.00313,0.00329,0.0,0.00042,0.00126,0.00146
24067750465.9361,340,Honduras,1164469417.192,1168222392.714,1164469417.192,1168222392.714,326.89538704462075,25167.796800691838,0.0,2238637.035500644,12659857.1215673,11901264.115364086,11236118.960130334,10865035.736341389,12659857.1215673,13272443.119778343,17345481.17431312,18240105.71494607,100.0,100.0,0.0,0.0093,0.0,1371179.0044142567,6109362.214182787,7375069.97860468,0.0526,0.04945,0.04669,0.04514,0.0526,0.05515,0.07207,0.07579,0.0,0.0057,0.02538,0.03064
361731070995.726,344,"China, Hong Kong SAR",3963744963.611,8575503990.086,3963744963.611,8575503990.086,766.7198045515621,59153.06798295775,0.0,58652.94489677097,28385213.83855945,27219241.495843757,24073976.043877624,23227763.317684706,28385213.83855945,31556948.33430933,39714555.2961075,41983769.09295658,100.0,100.0,0.0,2e-05,0.0,4337706.838465571,15640579.252229877,18756005.775271874,0.00785,0.00752,0.00666,0.00642,0.00785,0.00872,0.01098,0.01161,0.0,0.0012,0.00432,0.00519
160565642983.587,348,Hungary,8572846271.642,23079889322.109,8572846271.642,23079889322.109,1555.5909856354967,119320.384549965,0.0,27278515.054485604,66266046.801030286,62743755.28591898,60463189.71600667,58405534.475297205,66266046.801030286,72742295.70676185,95012316.82338442,99272783.87371363,100.0,100.0,0.0,0.01699,0.0,9998540.420842871,34549127.10737775,40867249.39841642,0.04127,0.03908,0.03766,0.03637,0.04127,0.0453,0.05917,0.06183,0.0,0.00623,0.02152,0.02545
26260850582.0687,352,Iceland,522065399.39400005,877923624.878,522065399.394,877923624.878,117.05917142012925,8928.483645952043,0.0,1823329.0106315473,7067364.352918655,6876775.575906832,6406842.888935167,6276258.960873715,7067364.352918655,7910176.44693624,9430821.26649622,9876985.678058667,100.0,100.0,0.0,0.00694,0.0,1033400.8710294086,3023978.3775610533,3600726.7171849525,0.02691,0.02619,0.0244,0.0239,0.02691,0.03012,0.03591,0.03761,0.0,0.00394,0.01152,0.01371
2702929639861.5,356,India,85842369115.017,83277635225.778,85842369115.017,83277635225.778,21701.179589894313,1676213.1616749647,0.0,38105363.9405126,1060526450.1673982,1032979011.8912427,910142491.1381744,884780470.7848768,1060526450.1673982,1169003990.6511078,1428416927.2462108,1506920881.4861019,100.0,100.0,0.0,0.00141,0.0,136024978.75986505,518274436.1080364,622140410.701225,0.03924,0.03822,0.03367,0.03273,0.03924,0.04325,0.05285,0.05575,0.0,0.00503,0.01917,0.02302
1042271532953.36,360,Indonesia,192327932347.35004,63295776902.518,192327932347.35004,63295776902.518,41080.68877680503,3165272.814056044,0.0,54603350.24406679,2052102058.7463572,1994607301.6911716,1800602929.4851766,1757398821.2225232,2052102058.7463572,2259053802.8357825,2769874626.099854,2922381008.4023733,100.0,100.0,0.0,0.00524,0.0,264446501.14461088,969271696.6146774,1164982187.17985,0.19689,0.19137,0.17276,0.16861,0.19689,0.21674,0.26575,0.28039,0.0,0.02537,0.093,0.11177
327900695065.853,364,Iran (Islamic Republic of),67611056147.349,26269218060.919,67611056147.349,26269218060.919,13000.446759118448,1005393.6658770536,0.0,14102794.732388876,626589216.1721251,626326217.7975719,533295044.65965956,521749666.16344166,626589216.1721251,705846345.2901956,838355406.97155,886343219.6162765,100.0,100.0,0.0,0.0043,0.0,79520127.49262369,305060362.3118904,364593553.45283484,0.19109,0.19101,0.16264,0.15912,0.19109,0.21526,0.25567,0.27031,0.0,0.02425,0.09303,0.11119
227367469034.031,368,Iraq,73292965384.829,27918407867.621,73292965384.829,27918407867.621,55706.68466118494,4241985.432934907,0.0,38871770.87478501,2107873403.6278162,2039919086.0387473,1928543146.1704922,1915654581.5012548,2107873403.6278162,2318535958.856397,2859463832.2169027,3042180946.6214952,100.0,100.0,0.0,0.0171,0.0,278616872.81764984,930920686.0464106,1126526365.1202404,0.92708,0.89719,0.84821,0.84254,0.92708,1.01973,1.25764,1.338,0.0,0.12254,0.40943,0.49547
385736680797.111,372,Ireland,10973832251.659,28910572527.77,10973832251.659,28910572527.77,4210.154100207902,317463.4929238347,0.0,74219867.69391948,60775373.88125399,56143217.90105416,52742976.19657178,51693875.17889633,60775373.88125399,65839438.59980305,82671814.29460691,87318853.16247764,100.0,100.0,0.0,0.01924,0.0,9696220.698748894,29928838.098035127,35624977.98358131,0.01576,0.01455,0.01367,0.0134,0.01576,0.01707,0.02143,0.02264,0.0,0.00251,0.00776,0.00924
376691526553.276,376,Israel,10493942866.38,13774099035.491001,10493942866.38,13774099035.491001,2435.5134885083407,187494.08347187264,0.0,7523436.515941927,111028457.65021525,109352230.19712782,94987894.56421916,93445020.62555335,111028457.65021525,124170266.87093152,147986902.05499008,157758642.02938318,100.0,100.0,0.0,0.002,0.0,14818036.673803702,52999007.49077092,64313621.40382983,0.02947,0.02903,0.02522,0.02481,0.02947,0.03296,0.03929,0.04188,0.0,0.00393,0.01407,0.01707
2091932426266.94,380,Italy,62658501063.056,138212124212.044,62658501063.05601,138212124212.044,14468.596919403406,1113056.3365934715,0.0,191986786.22932076,595896026.4248416,562865650.3176711,519301397.0246005,507263673.78034323,595896026.4248416,654620726.337421,821662142.614039,867159746.1839827,100.0,100.0,0.0,0.00918,0.0,91755076.01974988,302360745.58943844,359896072.4036395,0.02849,0.02691,0.02482,0.02425,0.02849,0.03129,0.03928,0.04145,0.0,0.00439,0.01445,0.0172
58522477744.7313,384,Côte d'Ivoire,2052543774.1260002,1859778013.496,2052543774.1260002,1859778013.496,544.330251789831,41851.13598054616,0.0,2352191.224017242,22957447.696523014,21951356.402565297,19838987.644714564,19430759.785037786,22957447.696523014,25083101.405593954,31608779.62737517,33683441.871967435,100.0,100.0,0.0,0.00402,0.0,3131745.0030286573,11769791.982660607,14252682.08692965,0.03923,0.03751,0.0339,0.0332,0.03923,0.04286,0.05401,0.05756,0.0,0.00535,0.02011,0.02435
15730791525.65,388,Jamaica,774607914.045,426278707.93,774607914.045,426278707.93,283.59748908540456,21914.484306548493,0.0,1766897.6215831027,9306556.483520953,8553386.809089335,7558268.13875813,7251859.0301048225,9306556.483520953,10266597.010744471,13801260.81015574,14630420.520065473,100.0,100.0,0.0,0.01123,0.0,1713210.2016551364,6242992.67139761,7378561.489960651,0.05916,0.05437,0.04805,0.0461,0.05916,0.06526,0.08773,0.093,0.0,0.01089,0.03969,0.04691
5040880939324.86,392,Japan,114512997021.3,264384321464.50897,114512997021.3,264384321464.509,31016.926325811422,2392383.1359822117,0.0,7485699.981623737,1515444156.3566775,1475685735.6185217,1364870849.5981672,1349705038.06276,1515444156.3566775,1680668819.339339,2072724670.7763627,2189307294.871019,100.0,100.0,0.0,0.00015,0.0,204983083.72081733,707853821.1781955,839602256.8082588,0.03006,0.02927,0.02708,0.02678,0.03006,0.03334,0.04112,0.04343,0.0,0.00407,0.01404,0.01666
179339977517.062,398,Kazakhstan,49896064482.729996,24626877255.719997,49896064482.729996,24626877255.719997,8271.160802683933,630601.8518870071,0.0,128135346.71738061,342252310.4594263,335587210.62308794,294428664.77579004,287391751.667613,342252310.4594263,372844872.42380476,445728135.1113355,473207237.8004267,100.0,100.0,0.0,0.07145,0.0,37257661.80071682,151299470.33554548,185815486.1328137,0.19084,0.18712,0.16417,0.16025,0.19084,0.2079,0.24854,0.26386,0.0,0.02077,0.08436,0.10361
43370860704.2254,400,Jordan,2596703705.631,972946480.721,2596703705.631,972946480.721,484.3411974712294,37467.75390202114,0.0,191449.31706284333,20320460.596113354,19963022.881928463,17313637.174712643,16810695.957190372,20320460.596113354,22611456.4985468,27485954.37788583,28970105.722255148,100.0,100.0,0.0,0.00044,0.0,2648433.616618339,10172317.203173187,12159409.765064776,0.04685,0.04603,0.03992,0.03876,0.04685,0.05214,0.06337,0.0668,0.0,0.00611,0.02345,0.02804
92202979940.671,404,Kenya,1205278394.682,703577879.28,1205278394.682,703577879.28,166.41465141507783,12845.076478489667,0.0,0.0374572220865347,5992800.026826657,5696798.092756619,5108910.565982707,4911110.7794692665,5992800.026826657,6689193.44456359,8675052.395935243,9129500.6279264,100.0,100.0,0.0,0.0,0.0,992395.3518069712,3566141.829952536,4218389.848457133,0.0065,0.00618,0.00554,0.00533,0.0065,0.00725,0.00941,0.0099,0.0,0.00108,0.00387,0.00458
,408,"Korea, Dem. People's Rep. of",114805491.523,44400928.939,114805491.523,44400928.939,10.501796709398443,792.946110051033,0.0,6.384955411159563,190330.01581356436,181360.00063234923,169259.71084638537,170136.69430074288,190330.01581356436,215450.15540538353,269175.10000426805,287179.6200002227,100.0,100.0,,,0.0,34090.1547730343,99915.38915788269,117042.92569947982,,,,,,,,,,,,
1724845615629.26,410,"Korea, Republic of",108616202303.483,159863271679.755,108616202303.483,159863271679.755,31096.079941952885,2396546.9733853373,0.0,18507337.150277752,1332853902.36803,1278657425.2233298,1161999663.7088795,1137270573.9800563,1332853902.36803,1464740110.620082,1817877507.733219,1921707799.4753118,100.0,100.0,0.0,0.00107,0.0,186082685.39675212,655877844.0243394,784437225.4952555,0.07727,0.07413,0.06737,0.06593,0.07727,0.08492,0.10539,0.11141,0.0,0.01079,0.03803,0.04548
138202309918.726,414,Kuwait,51822916282.857,25432892224.52,51822916282.857,25432892224.52,10896.994636435944,840019.3701097794,0.0,3620607.0531316306,625694841.905221,609145129.4941866,558211285.141089,545412562.0322148,625694841.905221,675445144.8544133,819977706.3256607,864472332.6011215,100.0,100.0,0.0,0.00262,0.0,66300015.36022663,261766421.18457174,319059770.5689068,0.45274,0.44076,0.40391,0.39465,0.45274,0.48874,0.59332,0.62551,0.0,0.04797,0.18941,0.23086
8271106196.04253,417,Kyrgyzstan,289536385.534,109147450.875,289536385.534,109147450.875,32.288651804423274,2478.9173086064966,0.0,26564.611550533693,1005773.2104915759,966353.3247679477,872817.2076343828,844587.2854470344,1005773.2104915759,1123110.4952347127,1412993.10273914,1486508.8381643964,100.0,100.0,0.0,0.00032,0.0,156757.17046676506,540175.8951047572,641921.552717362,0.01216,0.01168,0.01055,0.01021,0.01216,0.01358,0.01708,0.01797,0.0,0.0019,0.00653,0.00776
18141651381.3884,418,Lao People's Dem. Rep.,991691015.878,643119662.026,991691015.878,643119662.026,143.91447119909446,11059.374863983068,0.0,7405.325747967827,8713981.216868991,8597567.981497273,7715656.688889591,7523049.415102579,8713981.216868991,9718129.476450535,11465890.053801937,12088064.614640715,100.0,100.0,0.0,4e-05,0.0,1120561.4949532617,3750233.364912346,4565015.199538136,0.04803,0.04739,0.04253,0.04147,0.04803,0.05357,0.0632,0.06663,0.0,0.00618,0.02067,0.02516
54901519155.6219,422,Lebanon,644023052.689,435657955.711,644023052.689,435657955.711,73.31818247255505,5641.7403596307395,0.0,369940.06437077356,4375153.633499579,4204862.616348531,3758556.37182394,3692456.2260223404,4375153.633499579,4775444.133459983,5737735.382850031,6132844.989580529,100.0,100.0,0.0,0.00067,0.0,570581.5171114523,1979179.0110260914,2440388.7635581885,0.00797,0.00766,0.00685,0.00673,0.00797,0.0087,0.01045,0.01117,0.0,0.00104,0.0036,0.00445
2556247155.56945,426,Lesotho,5093024.869,96614260.642,5093024.869,96614260.64199999,3.7628515427020446,290.73723208147635,0.0,1879.4755129772184,129013.28008970321,115477.26994642933,108354.63455965546,102287.40706112723,129013.28008970321,140738.46431480497,196325.08184719327,206554.8441807928,100.0,100.0,0.0,7e-05,0.0,25261.19436837564,87970.44728753781,104267.43711966557,0.00505,0.00452,0.00424,0.004,0.00505,0.00551,0.00768,0.00808,0.0,0.00099,0.00344,0.00408
34429023435.0205,428,Latvia,7765317981.418,3770105788.405,7765317981.418,3770105788.4049997,1768.153688659159,134336.94388694974,0.0,24485471.069511242,78410684.41801234,75240386.40656723,68363656.3672269,66210442.748512596,78410684.41801234,85620990.07915181,106964743.6594088,112339848.34102608,100.0,100.0,0.0,0.07112,0.0,10380603.672584578,38601087.292181894,46129405.59251349,0.22775,0.21854,0.19856,0.19231,0.22775,0.24869,0.31068,0.32629,0.0,0.03015,0.11212,0.13398
3422754800.0,430,Liberia,1164200898.596,145693110.245,1164200898.596,145693110.245,191.57894758287463,14768.409260250644,0.0,1739069.3876031884,10065822.76201807,10358387.263903674,8476207.188903928,8302275.5736062,10065822.76201807,11860810.928574387,13552399.09075606,14260566.571513528,100.0,100.0,0.0,0.05081,0.0,1502423.6646707132,5076191.901852133,5958290.997907328,0.29409,0.30263,0.24764,0.24256,0.29409,0.34653,0.39595,0.41664,0.0,0.0439,0.14831,0.17408
76686048499.3527,434,Libya,26365307695.922,12652157623.43,26365307695.922,12652157623.43,3826.898909302498,295492.75517387927,0.0,31072205.691069655,139610482.54961738,130480818.6784728,119300849.62377428,115027168.09532367,139610482.54961738,141617408.7080977,181639601.3967085,192123014.09980765,100.0,100.0,0.0,0.04052,0.0,11136590.029624894,62338751.77293421,77095846.00448398,0.18205,0.17015,0.15557,0.15,0.18205,0.18467,0.23686,0.25053,0.0,0.01452,0.08129,0.10053
53751411409.4437,440,Lithuania,11934594730.012,7377976815.729,11934594730.012001,7377976815.729,2276.535122822059,173465.86699840508,0.0,28728064.668943718,105408744.86732993,104412715.35887837,90176674.77953026,88357425.0749723,105408744.86732993,116828719.69359371,138662744.2685965,147593371.73779994,100.0,100.0,0.0,0.05345,0.0,12416004.334715337,48486069.48906624,59235946.66282764,0.1961,0.19425,0.16777,0.16438,0.1961,0.21735,0.25797,0.27459,0.0,0.0231,0.0902,0.1102
71000359760.4599,442,Luxembourg,4845530190.146999,5335855419.388,4845530190.147,5335855419.388,393.7247672549538,30010.755931007858,0.0,5884282.873319489,15868072.142205335,15430207.652903764,13721026.34867307,13284369.571118569,15868072.142205335,17653809.380585503,21466338.11714428,22633888.87936056,100.0,100.0,0.0,0.00829,0.0,2223601.7276817393,7745311.768471209,9349519.308241991,0.02235,0.02173,0.01933,0.01871,0.02235,0.02486,0.03023,0.03188,0.0,0.00313,0.01091,0.01317
55284309690.2698,446,"China, Macao SAR",171639017.317,107435674.536,171639017.31700003,107435674.536,6.705717522430225,505.746852967961,0.0,0.0,261165.03802454134,259917.7547699856,232755.1968202485,222643.24313161144,261165.03802454134,287470.0933521645,329486.0390631901,341626.81157066085,100.0,100.0,0.0,0.0,0.0,27552.338582178898,96730.84224294161,118983.56843904941,0.00047,0.00047,0.00042,0.0004,0.00047,0.00052,0.0006,0.00062,0.0,5e-05,0.00017,0.00022
13760033282.6071,450,Madagascar,124851280.913,147741101.042,124851280.913,147741101.042,37.083468029496096,2861.3280327561683,0.0,0.0,1963141.9318679667,1902359.5729091305,1681164.829987761,1635366.9783574787,1963141.9318679667,2156393.354291132,2726800.581107198,2920506.036201994,100.0,100.0,0.0,0.0,0.0,254033.7813820017,1045635.7511194367,1285139.0578445152,0.01427,0.01383,0.01222,0.01188,0.01427,0.01567,0.01982,0.02122,0.0,0.00185,0.0076,0.00934
9880675785.93057,454,Malawi,48082658.609,32621596.992,48082658.609000005,32621596.992,12.754218356327478,985.9903962737126,0.0,38751.79989528501,611519.007456241,603621.6808922356,515961.49147168454,497620.8600350254,611519.007456241,679289.6845863824,818152.786075949,866201.6115565746,100.0,100.0,0.0,0.00039,0.0,75668.00369414676,302191.29460426443,368580.7515215492,0.00619,0.00611,0.00522,0.00504,0.00619,0.00687,0.00828,0.00877,0.0,0.00077,0.00306,0.00373
358788833524.945,458,Malaysia,178257216094.59,96039259956.79199,178257216094.59,96039259956.79199,30743.29082320114,2366347.2299237023,0.0,21500409.71752238,1357337305.4478977,1301670202.5821435,1194534454.695868,1164187812.8414266,1357337305.4478977,1481509061.1102695,1848369872.733876,1954553029.7138867,100.0,100.0,0.0,0.00599,0.0,179838858.528126,653835418.038008,790365216.8724601,0.37831,0.3628,0.33294,0.32448,0.37831,0.41292,0.51517,0.54476,0.0,0.05012,0.18223,0.22029
5300949822.99805,462,Maldives,152221731.81599998,119549966.596,152221731.816,119549966.596,14.564457107917669,1115.2324578260843,0.0,0.0,712909.7113062146,697526.1135196254,639497.3633570421,629705.9787757646,712909.7113062146,780690.3644927557,941347.0677167878,1005958.5557864208,100.0,100.0,0.0,0.0,0.0,83164.25097313034,301849.7043597457,376252.57701065624,0.01345,0.01316,0.01206,0.01188,0.01345,0.01473,0.01776,0.01898,0.0,0.00157,0.00569,0.0071
17070867577.6666,466,Mali,97061390.573,77169219.62,97061390.573,77169219.62,12.950714173475708,1000.8590418372967,0.0,17803.779687906674,474212.51989858807,447341.0078087695,408539.521794772,389193.4824038607,474212.51989858807,537746.5376493636,718639.0776382036,755374.1610331518,100.0,100.0,0.0,0.0001,0.0,90405.52984059416,310099.5558434316,366180.67862929107,0.00278,0.00262,0.00239,0.00228,0.00278,0.00315,0.00421,0.00442,0.0,0.00053,0.00182,0.00215
15298004130.4975,470,Malta,2106281369.3079998,1504076199.698,2106281369.3079998,1504076199.6980002,451.76809689727,34820.041506475995,0.0,5372669.376751696,19514691.83323439,19183807.330552395,16857107.09867599,16479484.139751686,19514691.83323439,21522047.567618072,26025425.29040044,27590673.92026652,100.0,100.0,0.0,0.03512,0.0,2338240.2370656766,9168318.191724453,11111189.780514834,0.12756,0.1254,0.11019,0.10772,0.12756,0.14069,0.17012,0.18035,0.0,0.01528,0.05993,0.07263
7473550557.07378,478,Mauritania,598377908.1159999,576352238.6669999,598377908.1159999,576352238.6669999,112.65712318370115,8699.828741171059,0.0,510612.30524733703,5184083.141735754,5046583.514483536,4345806.544537121,4239143.389117962,5184083.141735754,5817759.98242972,7100192.320330718,7573469.487283165,100.0,100.0,0.0,0.00683,0.0,771176.4679461848,2754385.775793596,3334326.098165203,0.06937,0.06753,0.05815,0.05672,0.06937,0.07784,0.095,0.10134,0.0,0.01032,0.03686,0.04462
14735695930.9727,480,Mauritius,648410271.688,718862687.646,648410271.688,718862687.646,151.01363743522342,11619.667118760784,0.0,148953.90430022872,5087601.330320308,4875504.162227208,4385571.738862147,4254626.522156127,5087601.330320308,5670649.400311538,7167845.4720098,7549889.58409687,100.0,100.0,0.0,0.00101,0.0,795145.2380843302,2782273.7331476538,3295263.0619407436,0.03453,0.03309,0.02976,0.02887,0.03453,0.03848,0.04864,0.05124,0.0,0.0054,0.01888,0.02236
1222405556421.13,484,Mexico,82867507521.66699,165907753916.621,82867507521.66699,165907753916.621,18625.470588399363,1435533.9139044965,0.0,53447322.78984,848224464.3739688,828135180.6995898,738738814.0907484,728400605.4131628,848224464.3739688,940350911.8856617,1161577964.6038766,1231779550.147372,100.0,100.0,0.0,0.00437,0.0,112215731.18607187,422839150.51312816,503378944.7342092,0.06939,0.06775,0.06043,0.05959,0.06939,0.07693,0.09502,0.10077,0.0,0.00918,0.03459,0.04118
13178094719.8612,496,Mongolia,1121909124.329,426889561.327,1121909124.329,426889561.327,86.63918590732008,6634.616115654194,0.0,11696.740186603489,3904567.454581204,3734679.4314116007,3355502.8621654077,3288296.800530308,3904567.454581204,4254091.051402494,5089846.473220628,5406393.428803678,100.0,100.0,0.0,9e-05,0.0,519411.61999089364,1734343.61105522,2118096.6282733697,0.02963,0.02834,0.02546,0.02495,0.02963,0.03228,0.03862,0.04103,0.0,0.00394,0.01316,0.01607
11253727815.4762,498,"Moldova, Republic of",1305380583.7350001,659862103.649,1305380583.7350001,659862103.649,131.42813884775165,10093.391672254298,0.0,1973847.3236005732,6577225.234223127,6520886.208129989,5747263.736045658,5681912.294945782,6577225.234223127,7254526.09730795,8433260.947276449,9037202.673902243,100.0,100.0,0.0,0.01754,0.0,733639.8891779613,2685997.211230791,3355290.3789564613,0.05844,0.05794,0.05107,0.05049,0.05844,0.06446,0.07494,0.0803,0.0,0.00652,0.02387,0.02981
5506944403.30196,499,Montenegro,150641024.647,34521847.295,150641024.647,34521847.295,14.913479311238806,1128.1189600438713,0.0,247797.73765758544,740555.4085924824,733023.1634864685,679604.2232282493,658771.8593891148,740555.4085924824,818194.136015138,937821.3469026599,976131.4193305625,100.0,100.0,0.0,0.0045,0.0,85170.97252866952,258217.1236744105,317359.5599414477,0.01345,0.01331,0.01234,0.01196,0.01345,0.01486,0.01703,0.01773,0.0,0.00155,0.00469,0.00576
,500,Montserrat,25090.0,392624.83200000005,25090.0,392624.83200000005,0.0009370748023255999,0.0711529694075475,0.0,0.0,37.42538397342678,37.47363379204059,35.26044166065127,34.498971937777526,37.42538397342678,41.257343497728804,47.02529090180947,48.88737281371729,100.0,100.0,,,0.0,3.783709705688217,11.764849241158203,14.388400875939766,,,,,,,,,,,,
127341141871.205,504,Morocco,15210971306.896,16454809443.534,15210971306.896,16454809443.534,3791.7376429685414,292439.44268353336,0.0,6849815.108306593,167431075.42585677,164740039.01353672,143626126.70444363,140629227.80631346,167431075.42585677,187956085.97912315,228333801.4999907,242099640.52976483,100.0,100.0,0.0,0.00538,0.0,23216046.965586424,84707674.79554707,101470412.72345138,0.13148,0.12937,0.11279,0.11044,0.13148,0.1476,0.17931,0.19012,0.0,0.01823,0.06652,0.07968
14845400592.6712,508,Mozambique,2233127389.533,841913794.5519999,2233127389.533,841913794.5519999,541.4151098885106,41905.55854454361,0.0,2104831.1207759827,27321146.821991373,27323965.307723932,23093563.000421822,22102081.24084032,27321146.821991373,30409861.438676104,35962691.9756161,37780199.472056895,100.0,100.0,0.0,0.01418,0.0,3085896.130952172,12869128.975194275,15678118.231216576,0.18404,0.18406,0.15556,0.14888,0.18404,0.20484,0.24225,0.25449,0.0,0.02079,0.08669,0.10561
91505851755.5267,512,Oman,49423715407.807,18653491078.554,49423715407.807,18653491078.554,14860.714501420764,1145096.0982342865,0.0,1729580.0718680546,774850041.4360082,743087455.7690809,677616899.1677036,668111264.9107622,774850041.4360082,844961371.7426748,1041679478.0749953,1105110973.4361258,100.0,100.0,0.0,0.00189,0.0,101873915.97359395,364062578.90729165,436999708.52536356,0.84678,0.81207,0.74052,0.73013,0.84678,0.9234,1.13837,1.20769,0.0,0.11133,0.39786,0.47756
13682019171.6627,516,Namibia,302347667.41499996,445505964.594,302347667.41499996,445505964.594,77.7832781065489,5968.406929702495,0.0,312060.3256342362,2661296.76657853,2450327.868219528,2286606.6180404797,2182561.3354660254,2661296.76657853,2902815.04602999,3907801.4387178747,4128239.243301985,100.0,100.0,0.0,0.00228,0.0,452487.1778104622,1621194.820677395,1945677.9078359595,0.01945,0.01791,0.01671,0.01595,0.01945,0.02122,0.02856,0.03017,0.0,0.00331,0.01185,0.01422
130995580.092154,520,Nauru,31623854.407,3769400.006,31623854.407,3769400.006,8.32443497615364,642.0008389891364,0.0,0.0,443063.78884010477,446659.95879571524,371002.8765983021,376618.6561754137,443063.78884010477,485756.7272503547,555195.4565938403,615345.523085188,100.0,100.0,0.0,0.0,0.0,39096.768454639474,184192.57999553817,238726.8669097743,0.33823,0.34097,0.28322,0.2875,0.33823,0.37082,0.42383,0.46975,0.0,0.02985,0.14061,0.18224
33111525182.7133,524,Nepal,110926912.709,166450399.926,110926912.709,166450399.926,14.166663589240882,1092.4404241181203,0.0,3943.2447066530103,518029.38498972834,478324.10856993153,441484.4923915343,423567.339155544,518029.38498972834,572594.4349188725,749607.4482714466,786461.286066579,100.0,100.0,0.0,1e-05,0.0,94270.32634894102,308122.9558799123,362893.94691103505,0.00156,0.00144,0.00133,0.00128,0.00156,0.00173,0.00226,0.00238,0.0,0.00028,0.00093,0.0011
914043438179.591,528,Netherlands (Kingdom of the),170949413721.688,179336310624.54,170949413721.68802,179336310624.54,24586.357435902228,1875167.9408165535,0.0,333468127.83682644,847732868.5794191,800011005.443846,737147492.4158607,711690280.4595625,847732868.5794191,898042629.8182689,1142852719.1745248,1203630552.2122033,100.0,100.0,0.0,0.03648,0.0,98031624.37442291,405705226.75866413,491940271.7526407,0.09275,0.08752,0.08065,0.07786,0.09275,0.09825,0.12503,0.13168,0.0,0.01073,0.04439,0.05382
3020388826.81564,531,Curaçao,136265482.375,96309182.11500001,136265482.37500003,96309182.11500001,44.805200199468175,3400.397891322129,0.0,16540.07598190854,1485760.150612122,1430126.8035387765,1352516.6062197252,1318563.277351673,1485760.150612122,1575829.087569629,1946203.3404777755,2069195.8444495914,100.0,100.0,0.0,0.00055,0.0,145702.2840308526,593686.7342580503,750632.5670979184,0.04919,0.04735,0.04478,0.04366,0.04919,0.05217,0.06444,0.06851,0.0,0.00482,0.01966,0.02485
3276187709.49721,533,Aruba,4667470.059,81881495.06,4667470.059,81881495.06,1.948147382902381,148.13081379012627,0.0,3597.4063515682856,51051.28161595006,47442.66017718795,44305.34095193988,42705.40044818236,51051.28161595006,54124.9829004484,70857.16943899672,74824.80702008934,100.0,100.0,0.0,0.00011,0.0,6682.322723260448,26551.82848705684,32119.406571906984,0.00156,0.00145,0.00135,0.0013,0.00156,0.00165,0.00216,0.00228,0.0,0.0002,0.00081,0.00098
1185474860.3352,534,Sint Maarten (Dutch part),1658256.733,4998268.157,1658256.733,4998268.157,0.18267078322400065,14.011790739936181,0.0,0.0,6253.608602574769,5780.99413944843,5643.205617350634,5527.313649336346,6253.608602574769,7040.3112572265345,9391.544147793633,9872.943994274216,100.0,100.0,0.0,0.0,0.0,1259.3171177781041,3748.3385304429985,4345.630344937869,0.00053,0.00049,0.00048,0.00047,0.00053,0.00059,0.00079,0.00083,0.0,0.00011,0.00032,0.00037
,535,"Bonaire, Sint Eustatius and Saba",40338539.213,10012047.503,40338539.213,10012047.503,10.68809445832822,825.6606686786572,0.0,87037.78231886151,390814.2303713343,368671.8040316615,335072.2842846438,319005.620980879,390814.2303713343,394875.2023837201,518249.09387474554,542500.2825781538,100.0,100.0,,,0.0,26203.398352058604,183176.8095901017,223494.66159727477,,,,,,,,,,,,
9896402295.48329,540,New Caledonia,4769684567.093999,1063432459.123,4769684567.093999,1063432459.123,1136.9142531165514,88035.33160202681,0.0,0.0,59051619.68522352,60073768.467141576,49619061.29281598,48318548.3402498,59051619.68522352,67489751.84488761,77545379.8155326,81938354.75956145,100.0,100.0,0.0,0.0,0.0,7415983.377746038,27926318.52271661,33619806.41931165,0.5967,0.60703,0.50138,0.48824,0.5967,0.68196,0.78357,0.82796,0.0,0.07494,0.28219,0.33972
914736985.430944,548,Vanuatu,1913128.911,1807641.6539999999,1913128.911,1807641.6539999999,0.18136410199602812,14.018942040598624,0.0,0.0,11478.682185125199,11595.254743320605,9846.824631456078,9773.840822461638,11478.682185125199,13595.871085525887,15955.842564420565,16830.45090030446,100.0,100.0,0.0,0.0,0.0,2000.6163422052814,6109.017932964487,7056.610077842821,0.00125,0.00127,0.00108,0.00107,0.00125,0.00149,0.00174,0.00184,0.0,0.00022,0.00067,0.00077
211886686924.483,554,New Zealand,17612520044.262,14857166302.089,17612520044.262,14857166302.089,9782.013322771923,756071.1800007222,0.0,8140.036896317553,290105498.4670648,258887913.43547183,238798039.45889562,228693398.40523365,290105498.4670648,317233203.5834551,431487423.31124705,454467009.9663518,100.0,100.0,0.0,0.0,0.0,58345290.14798325,192689383.85235143,225773611.56111816,0.13692,0.12218,0.1127,0.10793,0.13692,0.14972,0.20364,0.21449,0.0,0.02754,0.09094,0.10655
13025266513.3167,558,Nicaragua,601851241.807,302815898.435,601851241.807,302815898.435,150.56650177682718,11644.898118570223,0.0,109789.01150333628,6566945.504535258,6706625.100785181,5534513.798918158,5496821.2216990255,6566945.504535258,7653992.924697153,8846565.990394974,9448106.665091414,100.0,100.0,0.0,0.00084,0.0,947367.8239119723,3312052.1914768163,3951285.4433923885,0.05042,0.05149,0.04249,0.0422,0.05042,0.05876,0.06792,0.07254,0.0,0.00727,0.02543,0.03034
12808661487.4035,562,Niger,122505092.286,136705109.938,122505092.286,136705109.938,8.676189522144787,665.2653913997973,0.0,7778.731384502499,300106.940741704,295472.16531959845,258250.35574815446,253939.36230014026,300106.940741704,338169.0025524362,408124.5864061585,432935.7169903086,100.0,100.0,0.0,6e-05,0.0,42696.837232837745,149874.23065800406,178996.35469016834,0.00234,0.00231,0.00202,0.00198,0.00234,0.00264,0.00319,0.00338,0.0,0.00033,0.00117,0.0014
421739210176.152,566,Nigeria,66676029749.545,30271487996.646996,66676029749.545,30271487996.646996,17991.4089547448,1388349.8120385688,0.0,112194706.91074412,861813355.619521,819799019.5548887,746234343.216105,717973008.2429693,861813355.619521,891626435.8512795,1146004293.1233227,1204723837.2580574,100.0,100.0,0.0,0.0266,0.0,71827416.29639077,399769949.90721774,486750829.0150881,0.20435,0.19439,0.17694,0.17024,0.20435,0.21142,0.27173,0.28566,0.0,0.01703,0.09479,0.11542
439788625883.8,578,Norway,109578796793.381,48245128996.472,109578796793.381,48245128996.47201,19742.833832936973,1491448.658701709,0.0,337964533.20417875,998387280.1602577,952401319.5064473,882148828.1408345,866215784.282116,998387280.1602577,1073803973.3374615,1292697253.9726737,1374075493.856356,100.0,100.0,0.0,0.07685,0.0,121402653.83101416,410548425.8318392,507859709.57423985,0.22702,0.21656,0.20058,0.19696,0.22702,0.24416,0.29394,0.31244,0.0,0.0276,0.09335,0.11548
1301000000.0,580,Northern Mariana Islands,174226.052,139958.479,174226.052,139958.479,0.058139577996554954,4.460876414869364,0.0,0.0,1907.845619691041,1758.3797224988248,1667.65880822045,1557.2304620137081,1907.845619691041,2052.950576636713,2901.079432757696,3062.2774844893997,100.0,100.0,0.0,0.0,0.0,294.5708541378881,1233.4206245372459,1505.0470224756916,0.00015,0.00014,0.00013,0.00012,0.00015,0.00016,0.00022,0.00024,0.0,2e-05,9e-05,0.00012
401932300.0,583,Micronesia (Federated States of),9428737.776,12100502.123,9428737.776,12100502.123,3.89157672057254,299.2723537063922,0.0,0.0,161366.91801435925,148724.98780301184,141051.749368281,131711.64254575392,161366.91801435925,173639.9968469753,245375.32919186927,259009.5732467298,100.0,100.0,0.0,0.0,0.0,24915.00904396345,104323.57982358828,127297.93070097588,0.04015,0.037,0.03509,0.03277,0.04015,0.0432,0.06105,0.06444,0.0,0.0062,0.02596,0.03167
219330300.0,584,Marshall Islands,24289668.832,35169192.099,24289668.832,35169192.099,13.50253763136505,1034.328630505067,0.0,0.0,636062.0275544956,598279.2393659203,571815.1780208775,547216.533029699,636062.0275544956,686550.2098709873,911383.8872230938,966573.6653533877,100.0,100.0,0.0,0.0,0.0,88270.97050506703,339568.70920221624,419357.1323236887,0.29,0.27278,0.26071,0.24949,0.29,0.31302,0.41553,0.44069,0.0,0.04025,0.15482,0.1912
284900000.0,585,Palau,28356.240999999998,44438.231999999996,28356.240999999998,44438.231999999996,0.015332739636022523,1.1783906535156903,0.0,0.0,1099.7610309434813,1065.4932264374095,1025.0689409117808,1007.4677365496004,1099.7610309434813,1183.8445347328923,1433.2147036153858,1533.7193521954737,100.0,100.0,0.0,0.0,0.0,118.3513082954828,408.145762703605,526.2516156458732,0.00039,0.00037,0.00036,0.00035,0.00039,0.00042,0.0005,0.00054,0.0,4e-05,0.00014,0.00018
356128167702.894,586,Pakistan,6659537504.900001,2246600639.629,6659537504.9,2246600639.629,1084.0292426082945,83867.66571725598,0.0,89735.78441493234,47391798.36398207,46822797.40285529,39879347.5027258,38851713.77713734,47391798.36398207,53786537.62261243,64320443.73013406,67804056.74488573,100.0,100.0,0.0,3e-05,0.0,6963740.21975714,24441096.22740826,28952342.96774839,0.01331,0.01315,0.0112,0.01091,0.01331,0.0151,0.01806,0.01904,0.0,0.00196,0.00686,0.00813
67294169234.6291,591,Panama,2566344005.9960003,2115690139.6729999,2566344005.996,2115690139.6730006,614.5941568009013,47559.09384864567,0.0,691652.6128898667,16726763.561624711,15376219.957844453,13737466.76232611,13242655.682422414,16726763.561624711,18176840.411623843,23742415.56352726,25067295.513548594,100.0,100.0,0.0,0.00103,0.0,2800620.45377939,10004948.80120115,11824639.83112618,0.02486,0.02285,0.02041,0.01968,0.02486,0.02701,0.03528,0.03725,0.0,0.00416,0.01487,0.01757
24109780113.2307,598,Papua New Guinea,8801458504.463,3555028741.168,8801458504.463,3555028741.168,2791.2131087772095,214722.47008063045,0.0,0.0,154362112.34294063,149856525.9923677,134270497.9133671,132891446.83634195,154362112.34294063,169348544.33987418,208363997.75344628,223844341.07585788,100.0,100.0,0.0,0.0,0.0,19492018.347506464,74093499.84007919,90952894.23951593,0.64025,0.62156,0.55691,0.55119,0.64025,0.70241,0.86423,0.92844,0.0,0.08085,0.30732,0.37724
40225448651.3062,600,Paraguay,4837938514.491,1935287595.5640001,4837938514.491,1935287595.5640001,1024.945658728228,79099.04405041657,0.0,4574129.822307647,45167372.89493465,45441910.42029892,38090001.23974672,37155844.46779871,45167372.89493465,51645030.9820492,60674227.90223922,64250198.97155171,100.0,100.0,0.0,0.01137,0.0,6203120.561750278,22584226.6624925,27094354.503753,0.11229,0.11297,0.09469,0.09237,0.11229,0.12839,0.15084,0.15973,0.0,0.01542,0.05614,0.06736
222597030191.041,604,Peru,16958762834.403,14682370012.776001,16958762834.403,14682370012.776001,5457.179095622656,422000.59766474075,0.0,11136052.216913883,241595076.920005,240668998.12173826,203118951.25817722,198596650.30536106,241595076.920005,274774039.7648623,328564632.5842769,348261931.34240836,100.0,100.0,0.0,0.005,0.0,34105041.643124044,125445681.3260997,149665281.0370473,0.10853,0.10812,0.09125,0.08922,0.10853,0.12344,0.14761,0.15645,0.0,0.01532,0.05636,0.06724
346841896890.489,608,Philippines,35707171275.238,14537563986.782,35707171275.238,14537563986.782,4904.020471033348,378436.332908984,0.0,133681.02971644298,242807199.67439592,241865116.75999302,209702488.61001536,205077211.06271565,242807199.67439592,274952542.9704476,327733916.8522633,346651142.87652874,100.0,100.0,0.0,4e-05,0.0,33087426.210454583,118031428.24224791,141573931.8138131,0.07001,0.06973,0.06046,0.05913,0.07001,0.07927,0.09449,0.09995,0.0,0.00954,0.03403,0.04082
588779850763.487,616,Poland,48218272293.168,83655188475.85,48218272293.168,83655188475.85,6016.60812402623,452769.5825419746,0.0,104433334.28331052,217712005.56972712,206958942.0326883,193545845.08602104,187380601.3623059,217712005.56972712,240346014.70063144,305853900.1906135,321798643.73330474,100.0,100.0,0.0,0.01774,0.0,33387072.66794315,112308055.10459247,134418042.37099883,0.03698,0.03515,0.03287,0.03183,0.03698,0.04082,0.05195,0.05466,0.0,0.00567,0.01907,0.02283
242313116577.963,620,Portugal,11316075264.214,16622963795.380001,11316075264.214,16622963795.380001,2230.8010407496254,171313.13475533685,0.0,30064253.564401355,91530301.0420146,87208817.22011492,79462156.1414287,77112428.69720277,91530301.0420146,100143257.95948508,124744128.64645907,131567451.65046771,100.0,100.0,0.0,0.01241,0.0,12934440.739370167,45281972.50503038,54455022.95326494,0.03777,0.03599,0.03279,0.03182,0.03777,0.04133,0.05148,0.0543,0.0,0.00534,0.01869,0.02247
1504630233.68639,624,Guinea-Bissau,1240938.103,1584562.058,1240938.103,1584562.058,0.3692040055038443,28.333618822545755,0.0,3179.2398926992723,15018.970511979007,13847.78241366964,13159.622786867038,12335.54449437444,15018.970511979007,16221.510760249539,22812.528395073914,24069.750927153116,100.0,100.0,0.0,0.00021,0.0,2373.728346579899,9652.905608206876,11734.206432778676,0.001,0.00092,0.00087,0.00082,0.001,0.00108,0.00152,0.0016,0.0,0.00016,0.00064,0.00078
1563887900.0,626,Timor-Leste,58762414.823,28297540.626000002,58762414.823,28297540.626000002,10.593578183313861,819.7665439364723,0.0,0.0,340254.95739321836,317274.4895884126,294300.40978448844,279703.6010812278,340254.95739321836,339162.2515805775,451418.8162589696,471871.1917265619,100.0,100.0,0.0,0.0,0.0,21887.761992164946,157118.40647448116,192167.5906453341,0.02176,0.02029,0.01882,0.01789,0.02176,0.02169,0.02887,0.03017,0.0,0.0014,0.01005,0.01229
183334953818.681,634,Qatar,78653352390.48,34482470371.788,78653352390.48,34482470371.788,34432.97137838925,2658323.7307703085,0.0,37548009.22461271,2010052643.0003948,1964285647.8749745,1788109474.4546716,1769296392.4163876,2010052643.0003948,2242384588.686441,2754418590.7771873,2912888962.0851784,100.0,100.0,0.0,0.02048,0.0,278098940.81146646,966309116.3225157,1143592569.6687908,1.09638,1.07142,0.97532,0.96506,1.09638,1.22311,1.5024,1.58883,0.0,0.15169,0.52707,0.62377
243316050520.725,642,Romania,13453738218.946001,13146069180.683,13453738218.946001,13146069180.683,2071.482318350989,159290.22031104314,0.0,31594271.289364994,95459824.47405565,95117026.33225048,82536916.56025843,81645754.54900199,95459824.47405565,106997892.22860746,125318819.18766159,133801861.57327224,100.0,100.0,0.0,0.01298,0.0,11880865.896356985,42781902.627403155,52156107.02427025,0.03923,0.03909,0.03392,0.03356,0.03923,0.04397,0.0515,0.05499,0.0,0.00488,0.01758,0.02144
1657328764645.93,643,Russian Federation,530688739344.79004,241621806300.411,530688739344.79004,241621806300.411,81806.31969551143,6253058.764419007,0.0,1104564084.833131,3510777614.0940037,3473120997.2409887,3003694907.6712914,2935739820.407914,3510777614.0940037,3880045661.1269994,4619049175.468316,4906219688.202364,100.0,100.0,0.0,0.06665,0.0,406924663.88601065,1615354267.7970247,1970479867.7944498,0.21183,0.20956,0.18124,0.17714,0.21183,0.23411,0.2787,0.29603,0.0,0.02455,0.09747,0.11889
9636510839.30707,646,Rwanda,13604105.713,50786178.297,13604105.713,50786178.297,2.1499921977250236,164.4081467913712,0.0,0.0,60856.38194999526,59364.49018255335,51858.520989078184,50744.79856511458,60856.38194999526,68194.415403966,83019.56687655256,88325.45612882248,100.0,100.0,0.0,0.0,0.0,8829.925221412654,31161.045887474378,37580.6575637079,0.00063,0.00062,0.00054,0.00053,0.00063,0.00071,0.00086,0.00092,0.0,9e-05,0.00032,0.00039
,654,Saint Helena,497080.87700000004,12066304.6,497080.87700000004,12066304.6,0.38141581642828437,29.41727643689263,0.0,0.0,13124.922939376138,12096.68031341962,11472.570442393957,10712.884563206811,13124.922939376138,14123.164832561153,19957.822061909173,21066.775584900788,100.0,100.0,,,0.0,2026.4845191415334,8485.251619515217,10353.891021693977,,,,,,,,,,,,
1076922222.22222,659,Saint Kitts and Nevis,3754931.713,6170870.416999999,3754931.713,6170870.416999999,0.3511815035694158,26.944241874680174,0.0,1.1090489749648902,14553.007434377121,14202.62456112602,12648.286684643444,12673.281191956932,14553.007434377121,16546.379890529868,20114.652823387343,21604.84684197739,100.0,100.0,0.0,0.0,0.0,2343.755329403848,7466.366138743899,8931.565650020457,0.00135,0.00132,0.00117,0.00118,0.00135,0.00154,0.00187,0.00201,0.0,0.00022,0.00069,0.00083
,660,Anguilla,6.797,253.753,6.797000000000001,253.753,4.866130701639693e-07,3.67455236214336e-05,0.0,0.0,0.0199058610053059,0.0187495221914003,0.0151145514012556,0.0132719247823136,0.0199058610053059,0.0203061754213965,0.0204172447813407,0.0203202891535001,100.0,100.0,,,0.0,0.0015566532299962008,0.005302693380085101,0.0070483643711865,,,,,,,,,,,,
2057074074.07407,662,Saint Lucia,4250765431.3050003,2011660995.24,4250765431.3050003,2011660995.24,717.3584913291612,55193.588012904234,0.0,0.0,23835731.62313132,24014816.924897037,19989637.055038698,20280043.130178206,23835731.62313132,26135392.524740614,29905563.934779957,33121478.871865645,100.0,100.0,0.0,0.0,0.0,2120575.5998435766,9915926.879741259,12841435.74168744,1.15872,1.16743,0.97175,0.98587,1.15872,1.27051,1.45379,1.61013,0.0,0.10309,0.48204,0.62426
884328180.526933,670,Saint Vincent and the Grenadines,16118167.883000001,14521309.378,16118167.883000001,14521309.378,0.616214437822895,47.08525762878327,0.0,0.0,18174.297516313396,16784.276486636525,16216.523960825907,15627.154758688104,18174.297516313396,20137.82495452829,27416.827737323147,28868.583574067463,100.0,100.0,0.0,0.0,0.0,3353.5484678917637,11200.30377649724,13241.428815379359,0.00206,0.0019,0.00183,0.00177,0.00206,0.00228,0.0031,0.00326,0.0,0.00038,0.00127,0.0015
1655354303.82885,674,San Marino,13675763.677,31017082.126,13675763.677,31017082.126,5.898955461323111,455.82806184872476,0.0,57817.99703411771,158541.3032364788,138530.27832243353,126695.9937656257,121620.54669467983,158541.3032364788,176101.92709351535,238526.79999508164,251538.9381609264,100.0,100.0,0.0,0.00349,0.0,37571.64877108182,111830.80622945595,129918.39146624657,0.00958,0.00837,0.00765,0.00735,0.00958,0.01064,0.01441,0.0152,0.0,0.00227,0.00676,0.00785
412253809.728799,678,Sao Tome and Principe,1155843.117,726881.792,1155843.1169999999,726881.792,0.3060839411745495,23.438844224494726,0.0,1162.4231861208686,10172.109515423383,9389.95497911933,9100.265544225595,8804.344288353115,10172.109515423383,11318.920339622102,15352.60116326168,16157.292527584243,100.0,100.0,0.0,0.00028,0.0,1928.9653605027725,6252.335619036085,7352.948239231127,0.00247,0.00228,0.00221,0.00214,0.00247,0.00275,0.00372,0.00392,0.0,0.00047,0.00152,0.00178
846583785179.856,682,Saudi Arabia,281978909724.01,132610719963.645,281978909724.01,132610719963.645,123195.73001948054,9528929.236572873,0.0,117740166.66135006,5045376761.881018,4807853394.060519,4357205064.383722,4188508061.787883,5045376761.881018,5228321981.484045,6712854773.754688,7060554288.758732,100.0,100.0,0.0,0.01391,0.0,420468587.4235258,2355649709.370966,2872046226.970849,0.59597,0.56791,0.51468,0.49475,0.59597,0.61758,0.79293,0.83401,0.0,0.04967,0.27825,0.33925
23116701539.5646,686,Senegal,1683123810.433,1179910006.56,1683123810.433,1179910006.56,485.00286927529476,37504.93774455003,0.0,404344.4652065273,18605343.26200161,17516905.079493634,15908616.230964972,15289605.302054105,18605343.26200161,19124918.52442964,24860492.447262164,26225012.393223036,100.0,100.0,0.0,0.00175,0.0,1608013.4449360073,8951876.216297192,10935407.09116893,0.08048,0.07578,0.06882,0.06614,0.08048,0.08273,0.10754,0.11345,0.0,0.00696,0.03872,0.04731
50640662859.4987,688,Serbia,2251078109.941,2628457659.804,2251078109.941,2628457659.804,263.88120222959,20158.28055472942,0.0,4458177.1022938965,13333041.005713278,13045152.326480601,11835475.260165337,11523253.408739496,13333041.005713278,14619759.940485328,17177649.097892184,18107918.4914462,100.0,100.0,0.0,0.0088,0.0,1574607.6140047275,5342173.837726846,6584665.082706705,0.02633,0.02576,0.02337,0.02275,0.02633,0.02887,0.03392,0.03576,0.0,0.00311,0.01055,0.013
1587813245.28225,690,Seychelles,63273547.199,97448685.621,63273547.199,97448685.621,24.106772935112584,1862.793371865484,0.0,0.0,828308.7214016401,748119.4430304524,743796.046082978,707740.6548839399,828308.7214016401,926749.9039138913,1331782.6185912555,1388635.0989701212,100.0,100.0,0.0,0.0,0.0,178630.46088343894,587986.5725082775,680894.4440861813,0.05217,0.04712,0.04684,0.04457,0.05217,0.05837,0.08388,0.08746,0.0,0.01125,0.03703,0.04288
4085114542.06831,694,Sierra Leone,1853020211.2020001,98619910.81600001,1853020211.2020001,98619910.81600001,436.29672966106546,33795.99706250551,0.0,4006375.895308912,19876587.388147358,20465231.75636589,16727692.889930999,16372407.629512694,19876587.388147358,23427770.874153916,26740357.5107919,28125903.93674041,100.0,100.0,0.0,0.09807,0.0,2962539.1177880242,10012664.620860903,11753496.307227716,0.48656,0.50097,0.40948,0.40078,0.48656,0.57349,0.65458,0.6885,0.0,0.07252,0.2451,0.28772
376869585632.115,702,Singapore,83039058196.34799,75889600595.409,83039058196.34799,75889600595.409,18290.189405584926,1409646.8602900186,0.0,11567221.708056336,837742624.6532366,812430892.8688595,731752894.8657793,713653731.4767278,837742624.6532366,913688030.1726807,1128690092.278227,1195805028.7098997,100.0,100.0,0.0,0.00307,0.0,101257137.3038212,396937197.4124478,482151297.2331718,0.22229,0.21557,0.19417,0.18936,0.22229,0.24244,0.29949,0.3173,0.0,0.02687,0.10532,0.12794
106137924015.591,703,Slovakia,12689049120.75,29589336415.174,12689049120.75,29589336415.174,1657.2770320202665,126594.75801267853,0.0,24955507.532538354,73337684.27593885,72168849.31933646,69886619.9236915,69716978.49302465,73337684.27593885,81025928.77014828,99895273.74083866,104745052.10830055,100.0,100.0,0.0,0.02351,0.0,8857079.450811818,30008653.817147166,35028073.615275905,0.0691,0.068,0.06585,0.06569,0.0691,0.07634,0.09412,0.09869,0.0,0.00834,0.02827,0.033
310106472642.968,704,Viet Nam,48209203743.965004,65850942052.931,48209203743.965004,65850942052.931,12313.934564298566,949470.7750397687,0.0,852175.5182155962,523004297.8946262,498238507.7924829,446925320.4445685,431589224.21687806,523004297.8946262,580169768.9589323,731116737.8829618,771739541.0547787,100.0,100.0,0.0,0.00027,0.0,81931261.16644937,284191417.43839324,340150316.83790064,0.16865,0.16067,0.14412,0.13917,0.16865,0.18709,0.23576,0.24886,0.0,0.02642,0.09164,0.10969
54177882425.8421,705,Slovenia,7827318047.065001,10207066558.314,7827318047.065001,10207066558.314001,758.494076850998,58251.969611802575,0.0,13608546.90666665,31483800.047099307,29733230.69724689,28469507.218461573,27277606.56878493,31483800.047099307,34648071.861583605,45671947.80405384,47681755.437240615,100.0,100.0,0.0,0.02512,0.0,4914841.164336715,17202440.58559227,20404148.868455686,0.05811,0.05488,0.05255,0.05035,0.05811,0.06395,0.0843,0.08801,0.0,0.00907,0.03175,0.03766
5856000006.22021,706,Somalia,20978765.661000002,32557603.879,20978765.661000002,32557603.879,5.726484798684846,441.5652315831983,0.0,0.0,269047.7198917329,254581.3018880732,242264.92780454145,230729.88951007675,269047.7198917329,296508.1272978841,387313.25264895183,404121.2160912944,100.0,100.0,0.0,0.0,0.0,41926.825409810874,145048.32484441038,173391.32658121767,0.00459,0.00435,0.00414,0.00394,0.00459,0.00506,0.00661,0.0069,0.0,0.00072,0.00248,0.00296
404158882459.024,710,South Africa,36934474578.729,30533058740.562,36934474578.729,30533058740.562,10515.999512959721,813185.292714065,0.0,25387913.469581746,442320568.79428136,437511834.9524857,379416289.1737941,368159595.85149366,442320568.79428136,503666433.1983837,613225378.5276779,646354713.6695467,100.0,100.0,0.0,0.00628,0.0,66154598.24589801,233809089.3538838,278195117.81805307,0.10944,0.10825,0.09388,0.09109,0.10944,0.12462,0.15173,0.15993,0.0,0.01637,0.05785,0.06883
34156069918.0609,716,Zimbabwe,434181472.82900006,336118852.20500004,434181472.829,336118852.20500004,125.58105165418797,9716.203220392645,0.0,232039.99743991243,5221433.236271871,5188498.3230848,4376482.006988441,4233517.969209977,5221433.236271871,6011280.277556015,7226967.95686564,7644148.610176622,100.0,100.0,0.0,0.00068,0.0,822781.9544712156,2850485.9498771997,3410630.6409666445,0.01529,0.01519,0.01281,0.01239,0.01529,0.0176,0.02116,0.02238,0.0,0.00241,0.00835,0.00999
1421702715218.01,724,Spain,64171156961.797,94703625613.716,64171156961.797,94703625613.716,14181.760705133887,1090460.9710315855,0.0,180115468.42982453,558963324.9353645,531826139.1032973,481542372.2462426,468068981.2647901,558963324.9353645,613947408.5450505,771537292.7406291,815809812.1650364,100.0,100.0,0.0,0.01267,0.0,82121269.44175321,289994920.4943865,347740830.9002463,0.03932,0.03741,0.03387,0.03292,0.03932,0.04318,0.05427,0.05738,0.0,0.00578,0.0204,0.02446
,728,South Sudan,2083854370.715,701635009.872,2083854370.715,701635009.872,367.015844180941,28013.231397649834,0.0,0.0016785293851615,14171239.823627148,14092995.024463534,12451400.059114052,12082068.740040435,14171239.823627148,15738408.9072067,18569543.674426243,19603238.057678558,100.0,100.0,,,0.0,1645413.882743165,6118143.615312191,7521169.317638123,,,,,,,,,,,,
32333780383.2924,729,Sudan,1329047632.139,606196757.967,1329047632.139,606196757.967,313.48085056896764,24218.955488605065,0.0,473397.66054583644,12319185.99410649,11890365.449315496,10614960.576408375,10353463.544324268,12319185.99410649,12981677.396125361,16257861.776816038,17287482.009930752,100.0,100.0,0.0,0.00146,0.0,1091311.9468098655,5642901.200407663,6934018.465606485,0.0381,0.03677,0.03283,0.03202,0.0381,0.04015,0.05028,0.05347,0.0,0.00338,0.01745,0.02145
3996198760.32389,740,Suriname,434510689.53,142823093.345,434510689.53,142823093.34500003,34.69298066341535,2648.4931356171414,0.0,0.0,1776106.8732874412,1729803.6169045353,1610886.3523263412,1571381.3709535047,1776106.8732874412,1944592.703307236,2339937.492577389,2474324.7692196923,100.0,100.0,0.0,0.0,0.0,214789.08640270075,729051.1402510477,902943.3982661876,0.04444,0.04329,0.04031,0.03932,0.04444,0.04866,0.05855,0.06192,0.0,0.00537,0.01824,0.0226
4666598023.91856,748,Eswatini,220144396.744,285828717.791,220144396.744,285828717.791,84.58038845136777,6534.150055811658,0.0,324233.13062023075,3860185.203192611,3773836.2315607546,3316534.275171828,3258843.373376265,3860185.203192611,4368523.89491947,5347571.649945313,5678061.3994858675,100.0,100.0,0.0,0.00695,0.0,594687.6633587154,2031037.3747734851,2419218.0261096023,0.08272,0.08087,0.07107,0.06983,0.08272,0.09361,0.11459,0.12167,0.0,0.01274,0.04352,0.05184
555455371487.089,752,Sweden,41423566019.090004,44878074038.358,41423566019.090004,44878074038.358,5961.381043129294,449827.47454523965,0.0,94247175.7177898,251096840.9844911,243681030.14591548,220360961.4393371,215760660.73321116,251096840.9844911,274945862.5403699,334617593.03298926,355210562.5745443,100.0,100.0,0.0,0.01697,0.0,31264832.39445445,114256631.59365216,139449901.84133315,0.04521,0.04387,0.03967,0.03884,0.04521,0.0495,0.06024,0.06395,0.0,0.00563,0.02057,0.02511
725562534363.895,756,"Switzerland, Liechtenstein",9770843910.933,45731841727.309,9770843910.933,45731841727.309,1677.2129474326453,128794.41859471149,0.0,20443725.953275096,68694110.58727337,65442811.2786125,59582934.9650537,58186640.54866251,68694110.58727337,75497365.52410732,94246465.29963957,99746385.77480632,100.0,100.0,0.0,0.00282,0.0,10054554.24549482,34663530.33458587,41559745.22614381,0.00947,0.00902,0.00821,0.00802,0.00947,0.01041,0.01299,0.01375,0.0,0.00139,0.00478,0.00573
21496337967.8677,760,Syrian Arab Republic,145103715.917,63579479.239,145103715.917,63579479.239,9.91571789611356,758.4606083812928,0.0,58960.50762678937,326137.6251371581,305343.2797427419,283645.4793088826,268790.8487842379,326137.6251371581,353602.3683141158,482972.2345370157,512459.41826028307,100.0,100.0,0.0,0.00027,0.0,48259.0885713739,199326.75522813312,243668.56947604514,0.00152,0.00142,0.00132,0.00125,0.00152,0.00164,0.00225,0.00238,0.0,0.00022,0.00093,0.00113
7765000282.29397,762,Tajikistan,350098376.73800004,251569293.11,350098376.73800004,251569293.11,60.46630746572742,4673.575184205344,0.0,12869.749461624033,1959681.807588949,1835427.698983646,1716792.3175546527,1627517.397661941,1959681.807588949,2200699.667217355,3017700.2734649717,3155352.530715155,100.0,100.0,0.0,0.00017,0.0,365271.9682337092,1300907.955910319,1527835.133053214,0.02524,0.02364,0.02211,0.02096,0.02524,0.02834,0.03886,0.04064,0.0,0.0047,0.01675,0.01968
506754212432.991,764,Thailand,50757004676.721,67303297810.923004,50757004676.721,67303297810.923004,15380.019649504327,1186141.2906784017,0.0,1261563.4518768876,621731392.3048446,594779685.7098224,541530795.0545969,526990949.1961238,621731392.3048446,686346015.4973217,879700016.5637296,933957135.6015254,100.0,100.0,0.0,0.00025,0.0,91566329.78749931,338169221.50913274,406966186.40540165,0.12269,0.11737,0.10686,0.10399,0.12269,0.13544,0.1736,0.1843,0.0,0.01807,0.06673,0.08031
7029217931.75029,768,Togo,3727375618.167,2048474145.9300003,3727375618.167,2048474145.9300003,1002.5805840163313,76830.9519919684,0.0,29335.89039353969,39127018.795487575,37670690.31030534,34177459.46018607,33052203.015225735,39127018.795487575,41537269.707627155,52322401.03224467,55023941.808689624,100.0,100.0,0.0,0.00042,0.0,3866579.397321813,18144941.572058596,21971738.79346389,0.55663,0.53592,0.48622,0.47021,0.55663,0.59092,0.74436,0.78279,0.0,0.05501,0.25814,0.31258
488906860.874058,776,Tonga,3742577.064,2964349.271,3742577.0639999993,2964349.2709999997,0.9997487380114286,76.88884742315803,0.0,0.0,66112.76476031812,61126.14661311741,60292.6287122333,59998.41122494751,66112.76476031812,75599.9750542584,98995.73870315612,103933.10626811725,100.0,100.0,0.0,0.0,0.0,14473.828441140984,38703.10999092282,43934.69504316974,0.01352,0.0125,0.01233,0.01227,0.01352,0.01546,0.02025,0.02126,0.0,0.00296,0.00792,0.00899
24322359037.409,780,Trinidad and Tobago,142089622486.90698,173909698684.34097,142089622486.90698,173909698684.34097,16150.423132267264,1236353.5801485174,0.0,14356074.358329203,645216248.347522,605406019.1938797,566150482.728704,543942589.7076044,645216248.347522,692937043.1894295,918358166.1700447,967296455.7556455,100.0,100.0,0.0,0.05902,0.0,87531023.9955498,352207683.4413407,423353866.0480411,2.65277,2.48909,2.3277,2.23639,2.65277,2.84897,3.77578,3.97698,0.0,0.35988,1.44808,1.7406
427049432157.931,784,United Arab Emirates,181909739156.24402,87827303726.185,181909739156.24402,87827303726.185,62386.992775152125,4821409.441872449,0.0,28351225.52538999,3078456295.158007,2998612249.0435076,2690350657.282889,2635091943.6739793,3078456295.158007,3368092949.434028,4162444819.045745,4397867598.563971,100.0,100.0,0.0,0.00664,0.0,369480700.3905206,1472094161.762856,1762775654.8899913,0.72087,0.70217,0.62999,0.61705,0.72087,0.78869,0.9747,1.02983,0.0,0.08652,0.34471,0.41278
42686509835.5287,788,Tunisia,5335641676.073,6515035891.373,5335641676.073,6515035891.373,1068.9392613579066,82162.91684528448,0.0,3987365.984198031,52613807.61048489,51389893.284490205,46169941.23458426,45383245.37444642,52613807.61048489,58220109.69151786,70497794.2302442,74732143.6097413,100.0,100.0,0.0,0.00934,0.0,6830216.407027654,24327852.995659947,29348898.23529488,0.12326,0.12039,0.10816,0.10632,0.12326,0.13639,0.16515,0.17507,0.0,0.016,0.05699,0.06875
778476714087.962,792,Türkiye,47865904572.839005,51379873538.687,47865904572.839005,51379873538.687,11124.874175876426,857496.4129095661,0.0,45477470.87252008,497859565.3681622,486782693.54314154,432599914.0994899,423378533.2043314,497859565.3681622,553990319.7804117,677485347.5383874,717587175.8987979,100.0,100.0,0.0,0.00584,0.0,67207626.23727018,244885433.4388975,294208642.6944665,0.06395,0.06253,0.05557,0.05439,0.06395,0.07116,0.08703,0.09218,0.0,0.00863,0.03146,0.03779
40765428571.4286,795,Turkmenistan,13704302501.092999,3823414704.249,13704302501.092999,3823414704.249,3702.492714686507,286647.1995017022,0.0,678506.2413506347,180682069.86001852,181843161.30369756,152564131.8533222,149198370.32901323,180682069.86001852,205383015.12639746,241931848.77777192,255448435.7752479,100.0,100.0,0.0,0.00166,0.0,23539853.822699904,89367716.92444971,106250065.44623467,0.44322,0.44607,0.37425,0.36599,0.44322,0.50382,0.59347,0.62663,0.0,0.05774,0.21922,0.26064
1113178000.0,796,Turks and Caicos Islands,266922.042,2679455.236,266922.042,2679455.236,0.07075316901716017,5.430125229043748,0.0,0.0,1727.2686053976834,1597.495974826421,1581.5261391451575,1582.4218641839645,1727.2686053976834,1986.4262943517735,2583.907657123521,2711.2616731352455,100.0,100.0,0.0,0.0,0.0,388.9303195253526,1002.3815179783635,1128.839808951281,0.00016,0.00014,0.00014,0.00014,0.00016,0.00018,0.00023,0.00024,0.0,3e-05,9e-05,0.0001
48015219.9526234,798,Tuvalu,54685.649,12168.248,54685.649,12168.248,0.014075743408787287,1.0777878119637403,0.0,0.0,352.198761416711,325.7374689401631,322.48113907381077,322.6637819171136,352.198761416711,405.0423184500613,526.8717752468683,552.8399000426328,100.0,100.0,0.0,0.0,0.0,79.30484950989819,204.39063617305754,230.17611812551922,0.00073,0.00068,0.00067,0.00067,0.00073,0.00084,0.0011,0.00115,0.0,0.00017,0.00043,0.00048
32927025621.3848,800,Uganda,176097878.011,184913026.306,176097878.011,184913026.306,25.68152717193987,1958.4532268057405,0.0,0.0,544356.838780969,513637.0057667431,468536.3428528435,450113.19516419695,544356.838780969,600280.2167984215,765017.297983319,804297.4712940409,100.0,100.0,0.0,0.0,0.0,86643.21103167837,296480.9551304755,354184.27612984396,0.00165,0.00156,0.00142,0.00137,0.00165,0.00182,0.00232,0.00244,0.0,0.00026,0.0009,0.00108
130891086689.522,804,Ukraine,44035737587.835,17233515641.928,44035737587.835,17233515641.927998,7021.193900116032,540882.7370498927,0.0,99319314.54704046,324562504.822875,323286815.1364577,277379589.5401333,271756143.2982655,324562504.822875,360251507.36993897,425388785.97762764,452520882.44775057,100.0,100.0,0.0,0.07588,0.0,36964692.23348129,148009196.43749434,180764739.14948505,0.24796,0.24699,0.21192,0.20762,0.24796,0.27523,0.32499,0.34572,0.0,0.02824,0.11308,0.1381
12683068033.1043,807,North Macedonia,601330425.931,2367125819.996,601330425.931,2367125819.996,92.86808749062558,7137.489955242109,0.0,1657450.6217101242,4830889.741910002,4806539.8338545365,4286440.2424594555,4163165.2504384248,4830889.741910002,5474581.020761037,6536413.996482464,6906837.974725436,100.0,100.0,0.0,0.01307,0.0,668041.1869065007,2249973.754023008,2743672.7242870117,0.03809,0.0379,0.0338,0.03282,0.03809,0.04316,0.05154,0.05446,0.0,0.00527,0.01774,0.02163
262588632526.73,818,Egypt,26869001935.826,13014171197.656,26869001935.826,13014171197.656,6007.898974225375,462965.8875085907,0.0,23036923.648769036,257975981.31183833,250822295.15456745,221916238.5150643,215643629.37568063,257975981.31183833,283429075.1855477,345423346.2577991,365723558.7648126,100.0,100.0,0.0,0.00877,0.0,32606780.03098026,123507107.74273479,150079929.38913196,0.09824,0.09552,0.08451,0.08212,0.09824,0.10794,0.13155,0.13928,0.0,0.01242,0.04703,0.05715
2878152147315.82,826,United Kingdom,82975408666.083,131413864065.63,82975408666.083,131413864065.63,14529.657502437316,1109098.4275140914,0.0,202777747.4246322,597889648.6198326,573555210.3159516,532204341.1607635,518650312.20542985,597889648.6198326,649724513.5261008,803219560.8142949,846604163.3537077,100.0,100.0,0.0,0.00705,0.0,76169303.21014917,271015219.65353143,327953851.1482778,0.02077,0.01993,0.01849,0.01802,0.02077,0.02257,0.02791,0.02941,0.0,0.00265,0.00942,0.01139
57003686049.4102,834,"Tanzania, United Republic of",535998206.97900003,515939593.549,535998206.97900003,515939593.549,205.44091555823317,15616.858925099314,0.0,0.0,4177475.4982895185,3801372.434050501,3471896.9508563583,3386169.914047524,4177475.4982895185,4505738.134348928,5771980.374196873,6146260.296908376,100.0,100.0,0.0,0.0,0.0,704365.7002984271,2300083.423340515,2760090.382860852,0.00733,0.00667,0.00609,0.00594,0.00733,0.0079,0.01013,0.01078,0.0,0.00124,0.00403,0.00484
20533057312000.0,840,United States of America,386892343103.65204,439377451455.666,386892343103.65204,439377451455.666,151588.5463596057,11705749.775906688,0.0,257734053.28073707,6276576470.132167,6063865296.34597,5285881732.992413,5103254602.813897,6276576470.132167,6902045148.001314,8560955817.656537,9025164555.4115,100.0,100.0,0.0,0.00126,0.0,838179851.655344,3275074084.6641245,3921909952.597604,0.03057,0.02953,0.02574,0.02485,0.03057,0.03361,0.04169,0.04395,0.0,0.00408,0.01595,0.0191
15890066209.8959,854,Burkina Faso,119776302.782,136175388.528,119776302.782,136175388.528,20.252649894147943,1565.1559440507317,0.0,159176.96296535074,1032632.9868886452,1040240.4628714458,867801.0844234945,865296.1033713139,1032632.9868886452,1164677.1257681001,1355313.2312546547,1464749.5361226439,100.0,100.0,0.0,0.001,0.0,124436.66289665434,487512.1468311602,599453.43275133,0.0065,0.00655,0.00546,0.00545,0.0065,0.00733,0.00853,0.00922,0.0,0.00078,0.00307,0.00377
65203071110.6037,858,Uruguay,1548254222.4090002,884254042.053,1548254222.4090002,884254042.053,347.67298638518577,26893.415161807687,0.0,583641.4707677845,19117918.61252109,19401737.685695313,16024008.104379231,15946449.780704722,19117918.61252109,21727313.488783274,24964046.73744149,26900554.839346085,100.0,100.0,0.0,0.0009,0.0,2325575.803087961,8940038.63306226,10954105.058641363,0.02932,0.02976,0.02458,0.02446,0.02932,0.03332,0.03829,0.04126,0.0,0.00357,0.01371,0.0168
52870108217.5626,860,Uzbekistan,2382564173.679,646065428.5450001,2382564173.679,646065428.5450001,477.68450128982397,36859.83886539691,0.0,218318.6811349522,20339085.5705368,20212942.80631075,17347696.325725783,16930323.25072738,20339085.5705368,22955085.394623984,27631467.80583104,29188146.077685915,100.0,100.0,0.0,0.00041,0.0,2742142.588313233,10283771.480105259,12257822.826958533,0.03847,0.03823,0.03281,0.03202,0.03847,0.04342,0.05226,0.05521,0.0,0.00519,0.01945,0.02318
,862,Venezuela (Bolivarian Rep. of),47607706280.098,18465287516.622,47607706280.098,18465287516.622,11247.878935611518,868326.1872034653,0.0,7625261.085532533,504837467.34914297,485810315.11084145,432637219.51532847,411646616.17227,504837467.34914297,526265065.90421563,663388872.5631756,693820816.1189044,100.0,100.0,,,0.0,40454750.79337418,230751653.0478471,282174199.94663435,,,,,,,,,,,,
21606161066.2074,887,Yemen,857807947.1400001,372850052.462,857807947.1400001,372850052.462,54.07382281835693,4154.495897855567,0.0,0.0,3178605.888225188,3108713.1057030824,2737116.3392601795,2693652.173923587,3178605.888225188,3435137.431530551,4208221.725407511,4495956.562768034,100.0,100.0,0.0,0.0,0.0,326424.32582746865,1471105.3861473314,1802304.3888444467,0.01471,0.01439,0.01267,0.01247,0.01471,0.0159,0.01948,0.02081,0.0,0.00151,0.00681,0.00834
26311506435.0598,894,Zambia,914486696.7140001,1401691667.787,914486696.7140001,1401691667.787,194.83210603604573,14931.871287969627,0.0,11937.399659767725,5660921.837703388,5070157.993348446,4722009.401463447,4555444.910243013,5660921.837703388,6233620.036156353,8338625.039944377,8798530.530333279,100.0,100.0,0.0,5e-05,0.0,1163462.0428079069,3616615.6384809297,4243085.620090266,0.02152,0.01927,0.01795,0.01731,0.02152,0.02369,0.03169,0.03344,0.0,0.00442,0.01375,0.01613
