gdp_2018_wb,dest_iso_code,dest_country,vol_kg,val_usd,vol_kg_recon,val_usd_recon,ene_tj_recon,co2_t_recon,ets_23_usd_recon,ets_30_usd_recon,bau_usd_23_recon,bau_usd_30_recon,bau_usd_40_recon,bau_usd_50_recon,s24_usd_23_recon,s24_usd_30_recon,s24_usd_40_recon,s24_usd_50_recon,pct_vol_recon,pct_val_recon,ets_23_pct_gdp,ets_30_pct_gdp,s24_usd_23_recon_del,s24_usd_30_recon_del,s24_usd_40_recon_del,s24_usd_50_recon_del,bau_23_pct_gdp,bau_30_pct_gdp,bau_40_pct_gdp,bau_50_pct_gdp,s24_23_pct_gdp,s24_30_pct_gdp,s24_40_pct_gdp,s24_50_pct_gdp,s24_del_23_pct_gdp,s24_del_30_pct_gdp,s24_del_40_pct_gdp,s24_del_50_pct_gdp
18418860354.4238,004,Afghanistan,3425029317.435,918601609.341,3425029317.435,918601609.341,308.78184143525726,23800.721796608006,0.0,43273.05084280305,12291633.642888818,11922942.333665969,10610622.712179204,10340612.561051432,12291633.642888818,13594565.386872822,16676236.466727538,17581583.538420267,100.0,100.0,0.0,0.00023,0.0,1671623.0532068536,6065613.754548334,7240970.977368835,0.06673,0.06473,0.05761,0.05614,0.06673,0.07381,0.09054,0.09545,0.0,0.00908,0.03293,0.03931
15156424061.9815,008,Albania,605246323.3,1115781576.599,605246323.3,1115781576.599,111.28244965274052,8503.000760686744,0.0,1587598.4509545886,5311859.955924992,5102253.852657738,4810045.961437539,4695086.201104623,5311859.955924992,5861491.2816806575,7102177.964691266,7437006.528040572,100.0,100.0,0.0,0.01047,0.0,759237.4290229194,2292132.003253727,2741920.326935949,0.03505,0.03366,0.03174,0.03098,0.03505,0.03867,0.04686,0.04907,0.0,0.00501,0.01512,0.01809
174910891124.491,012,Algeria,13192302693.591,8083634215.857,13192302693.591,8083634215.857,3547.076146173995,274021.93778546696,0.0,6381345.576774223,176341029.6173772,176470122.22875264,149745711.36909756,147388367.04846317,176341029.6173772,197875019.60438046,233209223.7777035,248391167.7248417,100.0,100.0,0.0,0.00365,0.0,21404897.375627816,83463512.40860593,101002800.67637855,0.10082,0.10089,0.08561,0.08426,0.10082,0.11313,0.13333,0.14201,0.0,0.01224,0.04772,0.05775
3218419896.93327,020,Andorra,133199257.98300001,296816422.284,133199257.98300001,296816422.284,14.501940375740709,1104.932628688395,0.0,263441.85077288595,561583.77255505,528354.9295849518,498208.4006887458,488959.08527598245,561583.77255505,606693.6003141052,750724.4347575947,796441.2667640484,100.0,100.0,0.0,0.00819,0.0,78338.67072915332,252516.03406884894,307482.1814880659,0.01745,0.01642,0.01548,0.01519,0.01745,0.01885,0.02333,0.02475,0.0,0.00243,0.00785,0.00955
77792944471.9494,024,Angola,5210876529.444,4614552267.745,5210876529.444,4614552267.745,2199.1336136986524,169651.17746195267,0.0,5260450.034345513,72331590.60640495,69351936.5030082,63666918.09532996,59771253.109206825,72331590.60640495,77913790.62616876,99409024.43757918,103319407.40521562,100.0,100.0,0.0,0.00676,0.0,8561854.123160556,35742106.34224922,43548154.296008795,0.09298,0.08915,0.08184,0.07683,0.09298,0.10016,0.12779,0.13281,0.0,0.01101,0.04595,0.05598
1604770370.37037,028,Antigua and Barbuda,25135912.511,38725519.786,25135912.511,38725519.786,2.978865841543499,229.21312786516654,0.0,214.60420100932248,120129.07636491557,111378.83459870261,108413.2697880162,107121.63147552268,120129.07636491557,133436.31630545156,174291.04024474445,182745.81897025183,100.0,100.0,0.0,1e-05,0.0,22057.48170674895,65877.77045672825,75624.18749472915,0.00749,0.00694,0.00676,0.00668,0.00749,0.00831,0.01086,0.01139,0.0,0.00137,0.00411,0.00471
47112479289.4186,031,Azerbaijan,1572868662.758,2169901235.941,1572868662.758,2169901235.941,324.0362840730521,24942.19020585616,0.0,815968.4191327384,12724066.645184852,12114134.904214825,11021904.231772177,10633715.198944466,12724066.645184852,14003416.640392665,18018483.27848703,19005525.492508303,100.0,100.0,0.0,0.00173,0.0,1889281.7361778393,6996579.0467148535,8371810.293563837,0.02701,0.02571,0.02339,0.02257,0.02701,0.02972,0.03825,0.04034,0.0,0.00401,0.01485,0.01777
524819898586.906,032,Argentina,16151574166.366001,14509913370.515,16151574166.366001,14509913370.515,4394.7903579428685,339531.5409426182,0.0,10234866.507572448,212019938.50248626,208597932.65675938,179533935.70115972,175707000.47800618,212019938.50248626,233311572.5193248,281530531.77676487,299200990.2843271,100.0,100.0,0.0,0.00195,0.0,24713639.862565428,101996596.07560515,123493989.8063209,0.0404,0.03975,0.03421,0.03348,0.0404,0.04446,0.05364,0.05701,0.0,0.00471,0.01943,0.02353
1428266513154.48,036,Australia,90732171138.53099,125260832908.72,90732171138.53099,125260832908.72,23135.920125299264,1790035.433511775,0.0,13526793.085613878,1035346685.2367305,1006387126.3996955,890845750.554755,868754332.614992,1035346685.2367305,1153593533.2586493,1423842871.2342536,1502443534.7902274,100.0,100.0,0.0,0.00095,0.0,147206406.85895383,532997120.6794987,633689202.1752354,0.07249,0.07046,0.06237,0.06083,0.07249,0.08077,0.09969,0.10519,0.0,0.01031,0.03732,0.04437
454991174096.094,040,Austria,22145816526.161,29960922805.404,22145816526.161,29960922805.404,4290.696382317442,329199.830990136,0.0,71602638.32467562,178145580.66132468,170659802.0833841,155500445.49451306,151846473.91549516,178145580.66132468,196067345.16384518,244031598.7239942,258255571.0256492,100.0,100.0,0.0,0.01574,0.0,25407543.080461085,88531153.22948113,106409097.11015403,0.03915,0.03751,0.03418,0.03337,0.03915,0.04309,0.05363,0.05676,0.0,0.00558,0.01946,0.02339
12653600000.0,044,Bahamas,6439268304.609,2504716671.56,6439268304.609001,2504716671.56,600.5864839301197,45994.23278118228,0.0,88504.69822668063,24539060.627883244,23335837.322937146,21380262.220539425,20646922.599764485,24539060.627883244,25944776.83300213,33225055.65795381,34935140.118993714,100.0,100.0,0.0,0.0007,0.0,2608939.5100649856,11844793.437414385,14288217.51922923,0.19393,0.18442,0.16897,0.16317,0.19393,0.20504,0.26257,0.27609,0.0,0.02062,0.09361,0.11292
37802005319.1489,048,Bahrain,11343708336.757,4783967993.910001,11343708336.757,4783967993.910001,623.924399972102,48078.817140781226,0.0,26.2052982864036,18153353.631495785,17508507.43292522,15874707.06671691,15435544.179259146,18153353.631495785,19582486.195999783,24578665.8557181,25892590.941851504,100.0,100.0,0.0,0.0,0.0,2073978.763074562,8703958.78900119,10457046.762592359,0.04802,0.04632,0.04199,0.04083,0.04802,0.0518,0.06502,0.0685,0.0,0.00549,0.02303,0.02766
12457940705.3088,051,Armenia,360982888.22,267599487.088,360982888.22,267599487.088,56.95893093057866,4378.846214924429,0.0,208133.38012453102,2282023.3810164994,2215086.6114412406,1981649.4936198697,1925215.1546867446,2282023.3810164994,2564876.6844673543,3193137.6037223884,3369170.3436763417,100.0,100.0,0.0,0.00167,0.0,349790.0730261137,1211488.1101025187,1443955.1889895971,0.01832,0.01778,0.01591,0.01545,0.01832,0.02059,0.02563,0.02704,0.0,0.00281,0.00972,0.01159
5097283200.0,052,Barbados,858598379.936,521173920.319,858598379.936,521173920.319,177.59132786200266,13568.311977210335,0.0,146017.39135266544,7326376.81456496,7172716.003892045,6540479.081111848,6464969.103745372,7326376.81456496,8054285.029359177,9711943.71311234,10338217.350554498,100.0,100.0,0.0,0.00286,0.0,881569.0254671322,3171464.632000491,3873248.246809126,0.14373,0.14072,0.12831,0.12683,0.14373,0.15801,0.19053,0.20282,0.0,0.01729,0.06222,0.07599
543299066998.892,056,Belgium,146283843571.16,113106937060.45801,146283843571.15997,113106937060.45801,18930.053465217537,1438581.787164337,0.0,280076859.42709184,637293232.3275536,605997249.0913417,556544164.3032782,542701999.5949371,637293232.3275536,684720651.4865422,858301856.1377684,908738382.0571446,100.0,100.0,0.0,0.05155,0.0,78723402.39520049,301757691.8344902,366036382.46220756,0.1173,0.11154,0.10244,0.09989,0.1173,0.12603,0.15798,0.16726,0.0,0.01449,0.05554,0.06737
7225977000.0,060,Bermuda,419657753.80700004,562938833.485,419657753.80700004,562938833.485,84.78256793587585,6477.165886675259,0.0,47.16464013478291,3593821.0666137626,3432100.5838025985,3250920.5827155784,3173521.3217445086,3593821.0666137626,3922074.1500577624,4862038.10693376,5082450.4122987995,100.0,100.0,0.0,0.0,0.0,489973.56625516387,1611117.524218182,1908929.090554291,0.04973,0.0475,0.04499,0.04392,0.04973,0.05428,0.06729,0.07034,0.0,0.00678,0.0223,0.02642
40287647930.5355,068,Bolivia (Plurinational State of),2635073617.8910003,3618923423.208,2635073617.8910003,3618923423.208,1194.1227591065522,92402.04566378228,0.0,511209.24243481964,46343058.63564758,43342938.29013812,40510558.63978027,39741876.75017915,46343058.63564758,51323115.23672801,66589338.27181361,70017052.8052976,100.0,100.0,0.0,0.00127,0.0,7980176.946589895,26078779.63203334,30275176.05511845,0.11503,0.10758,0.10055,0.09865,0.11503,0.12739,0.16528,0.17379,0.0,0.01981,0.06473,0.07515
20484048415.5019,070,Bosnia and Herzegovina,774191651.859,490635974.702,774191651.859,490635974.702,140.7770355018297,10776.536233619265,0.0,2151560.257064676,7318698.766119621,6888768.204478755,6340567.7384811295,6137650.435616643,7318698.766119621,7697215.030201817,9368836.382468136,9852107.155305387,100.0,100.0,0.0,0.0105,0.0,808446.8257230623,3028268.6439870065,3714456.7196887443,0.03573,0.03363,0.03095,0.02996,0.03573,0.03758,0.04574,0.0481,0.0,0.00395,0.01478,0.01813
17031943186.1353,072,Botswana,2000628401.132,2017023692.0970001,2000628401.132,2017023692.097,176.01326588039686,13510.801325400209,0.0,53483.10459940123,5587428.675737016,5354444.700917648,4902909.962925966,4767896.910810045,5587428.675737016,6126371.275516249,7777120.235605191,8210428.5621936405,100.0,100.0,0.0,0.00031,0.0,771926.5745986011,2874210.2726792255,3442531.6513835955,0.03281,0.03144,0.02879,0.02799,0.03281,0.03597,0.04566,0.04821,0.0,0.00453,0.01688,0.02021
1916933708404.16,076,Brazil,130473592304.752,99190109928.584,130473592304.752,99190109928.584,39781.808581056874,3072752.5778975845,0.0,90753489.62555346,1778873442.7157075,1754005145.4388192,1513959367.6696258,1469169407.40345,1778873442.7157075,1966705264.0910842,2375084766.290801,2507449682.713604,100.0,100.0,0.0,0.00473,0.0,212700118.65226507,861125398.6211753,1038280275.310154,0.0928,0.0915,0.07898,0.07664,0.0928,0.1026,0.1239,0.13081,0.0,0.0111,0.04492,0.05416
2315000000.0,084,Belize,521915892.76500005,318456030.826,521915892.76500005,318456030.826,139.91325784613852,10651.344380326698,0.0,45205.5907621188,4883339.740016869,4649699.782500441,4480917.439039149,4449695.146100481,4883339.740016869,5456162.946258456,6917107.854863427,7308519.946068349,100.0,100.0,0.0,0.00195,0.0,806463.1637580153,2436190.4158242773,2858824.7999678683,0.21094,0.20085,0.19356,0.19221,0.21094,0.23569,0.2988,0.3157,0.0,0.03484,0.10524,0.12349
1615478421.45974,090,Solomon Islands,2613499459.916,240079846.511,2613499459.916,240079846.511,650.9158757606021,50276.73997695867,0.0,0.0,38799227.105534405,37586374.706701875,32926322.803838763,32295049.751242418,38799227.105534405,40442063.488876745,50028682.05148264,53851067.90663243,100.0,100.0,0.0,0.0,0.0,2855688.7821748704,17102359.247643877,21556018.155390013,2.40172,2.32664,2.03818,1.9991,2.40172,2.50341,3.09683,3.33344,0.0,0.17677,1.05866,1.33434
13567164444.9707,096,Brunei Darussalam,3800293505.66,2356199335.969,3800293505.66,2356199335.969,639.8923631664787,49150.28337713715,0.0,0.0,29925513.255534645,28650709.99324783,26518754.2407678,25883698.294991173,29925513.255534645,32910843.780466095,41601391.59155799,44261866.71832058,100.0,100.0,0.0,0.0,0.0,4260133.787218265,15082637.350790188,18378168.423329405,0.22057,0.21118,0.19546,0.19078,0.22057,0.24258,0.30663,0.32624,0.0,0.0314,0.11117,0.13546
66399602077.1693,100,Bulgaria,6494908363.1119995,5223850168.568,6494908363.112,5223850168.568,1016.1468541617697,77163.5055422825,0.0,17263317.34402846,35039678.10950991,33939640.603498645,31513942.875975918,31123787.378309436,35039678.10950991,38601158.561550364,47030409.39719844,50174377.60240277,100.0,100.0,0.0,0.026,0.0,4661517.958051719,15516466.52122252,19050590.224093333,0.05277,0.05111,0.04746,0.04687,0.05277,0.05813,0.07083,0.07556,0.0,0.00702,0.02337,0.02869
67144726167.9294,104,Myanmar,15782751427.962,11137379135.024,15782751427.962,11137379135.024,3970.991975719178,304861.45875235705,0.0,767855.7407323697,207060506.9426064,198683417.49071068,183549663.58004534,179356982.19412148,207060506.9426064,226548812.8996906,282409081.51541334,300042963.535327,100.0,100.0,0.0,0.00114,0.0,27865395.408979923,98859417.935368,120685981.34120554,0.30838,0.2959,0.27336,0.26712,0.30838,0.3374,0.4206,0.44686,0.0,0.0415,0.14723,0.17974
2667182198.97925,108,Burundi,245544158.953,162084168.687,245544158.953,162084168.68699998,50.57907946937272,3907.4292174221227,0.0,8738.060376261968,2324739.6497649928,2300860.3984389943,2041960.6331313406,2004206.0347044752,2324739.6497649928,2558166.8447171305,3134137.423435342,3308675.612331959,100.0,100.0,0.0,0.00033,0.0,257306.44627813622,1092176.7903040014,1304469.5776274838,0.08716,0.08627,0.07656,0.07514,0.08716,0.09591,0.11751,0.12405,0.0,0.00965,0.04095,0.04891
60031163987.191,112,Belarus,38769235486.253,14694127427.870998,38769235486.253,14694127427.870998,3112.0354609379433,234314.95628192317,0.0,56060700.138124764,95066590.98524365,92124590.80416496,82143756.68966076,79932354.14836617,95066590.98524365,102210783.32926941,126602475.13874558,134279913.95262742,100.0,100.0,0.0,0.09339,0.0,10086192.525104448,44458718.44908482,54347559.80426125,0.15836,0.15346,0.13684,0.13315,0.15836,0.17026,0.21089,0.22368,0.0,0.0168,0.07406,0.09053
24571753581.7841,116,Cambodia,3113860454.806,3560089727.716,3113860454.806,3560089727.7159996,530.0539582792316,40578.044101542626,0.0,0.0,22229130.98039347,21334424.254085306,19470691.811335433,19095163.894539535,22229130.98039347,24389162.839908198,29936188.847678427,31765256.878472358,100.0,100.0,0.0,0.0,0.0,3054738.5858228914,10465497.036342993,12670092.983932823,0.09047,0.08682,0.07924,0.07771,0.09047,0.09926,0.12183,0.12928,0.0,0.01243,0.04259,0.05156
39973842058.565,120,Cameroon,1857550930.197,997771371.621,1857550930.197,997771371.621,441.8495608186465,33980.52545729578,0.0,1966657.7424681853,17135779.86799968,16991737.695442002,14579440.240032196,14547698.02715065,17135779.86799968,19033467.8472446,22610389.531924643,24476911.57154911,100.0,100.0,0.0,0.00492,0.0,2041730.1518025994,8030949.291892447,9929213.54439846,0.04287,0.04251,0.03647,0.03639,0.04287,0.04761,0.05656,0.06123,0.0,0.00511,0.02009,0.02484
2205099509.15921,132,Cabo Verde,600617721.126,331118711.519,600617721.126,331118711.519,263.85836042543195,20179.85414241776,0.0,2258508.5586909843,7570228.042338364,7034731.647490318,6674987.81606601,6493080.510307747,7570228.042338364,8294450.804695898,10883111.37116958,11469808.324035162,100.0,100.0,0.0,0.10242,0.0,1259719.1572055798,4208123.55510357,4976727.813727415,0.34331,0.31902,0.30271,0.29446,0.34331,0.37615,0.49354,0.52015,0.0,0.05713,0.19084,0.22569
5530178498.90783,136,Cayman Islands,73184694.034,183819123.767,73184694.034,183819123.767,13.32808141448852,1017.126673335546,0.0,0.0,515538.706883897,483271.1327318663,464769.6320666638,456904.6492983105,515538.706883897,570315.3228986308,731717.4173804979,766012.7793515173,100.0,100.0,0.0,0.0,0.0,87044.19016676443,266947.7853138341,309108.1300532068,0.00932,0.00874,0.0084,0.00826,0.00932,0.01031,0.01323,0.01385,0.0,0.00157,0.00483,0.00559
2220979144.52008,140,Central African Republic,42051562.438999996,34368685.956,42051562.438999996,34368685.956,6.9834415322108905,538.5055817998425,0.0,9863.911149801455,268888.4364062588,254398.96722517785,228356.2209425495,222781.80172360962,268888.4364062588,296961.7086596027,377102.2982427619,401487.9729165968,100.0,100.0,0.0,0.00044,0.0,42562.741434424825,148746.07730021243,178706.17119298718,0.01211,0.01145,0.01028,0.01003,0.01211,0.01337,0.01698,0.01808,0.0,0.00192,0.0067,0.00805
94493871351.4217,144,Sri Lanka,14112229616.706999,7736920138.381,14112229616.706999,7736920138.3810005,2337.7938482520462,180419.841153839,0.0,1414876.0079259058,108608957.22066721,106094086.28022411,93837823.99968284,92199394.46675906,108608957.22066721,119747373.80729234,147142966.71155807,156882397.39421502,100.0,100.0,0.0,0.0015,0.0,13653287.527068228,53305142.71187523,64683002.92745596,0.11494,0.11228,0.09931,0.09757,0.11494,0.12673,0.15572,0.16602,0.0,0.01445,0.05641,0.06845
295402646018.151,152,Chile,29625273384.035,20717521585.010002,29625273384.035,20717521585.010002,12049.634144941097,931549.1397799561,0.0,1633064.3757390615,526261779.2476112,505153260.33196396,451067892.05702174,436774651.02983403,526261779.2476112,573182376.5586398,719783740.7098386,756618825.2973926,100.0,100.0,0.0,0.00055,0.0,68029116.22667581,268715848.6528169,319844174.2675586,0.17815,0.171,0.1527,0.14786,0.17815,0.19403,0.24366,0.25613,0.0,0.02303,0.09097,0.10827
13894907485398.9,156,China,771331239597.6941,488285431215.909,771331239597.6941,488285431215.909,220785.45983894088,17040335.335418064,0.0,160446947.74571663,9617010204.16869,9350753848.56004,8326145757.463004,8089752862.46004,9617010204.16869,10679752130.08726,13165769001.083723,13894409769.34416,100.0,100.0,0.0,0.00115,0.0,1328998281.5272198,4839623243.620719,5804656906.88412,0.06921,0.0673,0.05992,0.05822,0.06921,0.07686,0.09475,0.1,0.0,0.00956,0.03483,0.04178
334198218100.716,170,Colombia,1391483894.444,4493253002.934,1391483894.444,4493253002.934,367.38560044987474,28398.305271994628,0.0,1698726.4816900666,13138254.463475417,12296389.359424334,11566045.368164588,11168850.834457064,13138254.463475417,14578199.748848384,19470890.455947645,20411766.79236531,100.0,100.0,0.0,0.00051,0.0,2281810.38942405,7904845.087783057,9242915.957908245,0.00393,0.00368,0.00346,0.00334,0.00393,0.00436,0.00583,0.00611,0.0,0.00068,0.00237,0.00277
1188797449.96036,174,Comoros,190504645.323,46793095.98,190504645.323,46793095.98,34.8054954821912,2690.8788764823826,0.0,0.0,1460731.4803706289,1466259.0557813905,1229200.8212228199,1195108.1285980807,1460731.4803706289,1604981.1729572793,1861084.8121388715,1987124.412813576,100.0,100.0,0.0,0.0,0.0,138722.11717588874,631883.9909160517,792016.2842154952,0.12287,0.12334,0.1034,0.10053,0.12287,0.13501,0.15655,0.16715,0.0,0.01167,0.05315,0.06662
47568210020.9338,180,"Congo, Dem. Rep. of the",2402414055.3059998,1514048040.842,2402414055.3059998,1514048040.842,881.5784189476938,68060.51770699554,0.0,1578225.1230867242,27813322.97909665,26914190.166680858,24334608.992438886,22948926.468501344,27813322.97909665,30755598.36935854,38433118.17804746,40131993.64685273,100.0,100.0,0.0,0.00332,0.0,3841408.202677682,14098509.185608577,17183067.178351387,0.05847,0.05658,0.05116,0.04824,0.05847,0.06466,0.0808,0.08437,0.0,0.00808,0.02964,0.03612
62420164964.6987,188,Costa Rica,7586489047.448001,9592995525.106,7586489047.448,9592995525.106,2545.256726151106,196170.344627378,0.0,2326595.5824497077,101447443.76235475,97268710.23362596,88108989.98589937,84333331.08586091,101447443.76235475,111761909.9195636,145456101.1022777,153313017.7464365,100.0,100.0,0.0,0.00373,0.0,14493199.685937643,57347111.11637832,68979686.6605756,0.16252,0.15583,0.14115,0.13511,0.16252,0.17905,0.23303,0.24561,0.0,0.02322,0.09187,0.11051
61330483609.8835,191,Croatia,7100307650.6779995,5832875666.313,7100307650.6779995,5832875666.313,947.4846448450865,72495.20915481093,0.0,15980369.060838504,46878060.458234064,45421505.65234857,41700088.235158846,40354363.05623389,46878060.458234064,50694134.68828841,59945082.101341546,62782058.52145396,100.0,100.0,0.0,0.02606,0.0,5272629.035939842,18244993.8661827,22427695.46522007,0.07644,0.07406,0.06799,0.0658,0.07644,0.08266,0.09774,0.10237,0.0,0.0086,0.02975,0.03657
25597301190.678,196,Cyprus,5102610220.538,4844861188.907,5102610220.538,4844861188.907,1086.9052635459118,83544.15368972954,0.0,8897893.742875788,48734145.34779969,46853181.38194906,43255084.625126876,42377289.80323665,48734145.34779969,52821738.18650713,64137645.07121708,67928516.30552056,100.0,100.0,0.0,0.03476,0.0,5968556.8045580685,20882560.446090207,25551226.502283916,0.19039,0.18304,0.16898,0.16555,0.19039,0.20636,0.25056,0.26537,0.0,0.02332,0.08158,0.09982
249000540729.179,203,Czechia,24114087049.683,50699114617.986,24114087049.683,50699114617.986,2556.6986138874245,194230.55728033002,0.0,40528181.9243403,90759639.47006856,86008371.89702696,81235586.43528302,78812228.3329662,90759639.47006856,100178741.2701546,127985957.08530544,134130535.15253012,100.0,100.0,0.0,0.01628,0.0,14170369.37312764,46750370.65002242,55318306.819563925,0.03645,0.03454,0.03262,0.03165,0.03645,0.04023,0.0514,0.05387,0.0,0.00569,0.01878,0.02222
14262408079.7005,204,Benin,2268802854.0230002,919370215.104,2268802854.0230002,919370215.104,861.2736192038567,66539.85602566077,0.0,2852031.77013492,40082473.44002672,40419392.13465909,33851152.74727056,33503084.940131012,40082473.44002672,45587968.14579149,53115141.88714766,56739698.65126964,100.0,100.0,0.0,0.02,0.0,5168576.011132404,19263989.139877096,23236613.711138625,0.28104,0.2834,0.23735,0.2349,0.28104,0.31964,0.37241,0.39783,0.0,0.03624,0.13507,0.16292
356841216410.068,208,Denmark,21816483390.135,25570519277.727,21816483390.135,25570519277.727,3356.911060647264,253730.5174147556,0.0,52956610.74826329,118272665.6572463,113333776.69514248,103690908.80929781,101281929.60764429,118272665.6572463,129572079.95374095,159603837.93032715,168737792.15398192,100.0,100.0,0.0,0.01484,0.0,16238303.258598477,55912929.12102933,67455862.54633763,0.03314,0.03176,0.02906,0.02838,0.03314,0.03631,0.04473,0.04729,0.0,0.00455,0.01567,0.0189
85555390385.9812,214,Dominican Republic,14034308591.632,11598190077.526,14034308591.632,11598190077.526,2468.4212413455775,190142.7691073115,0.0,3823718.822633367,111287387.65242605,108411015.12908016,96520923.00069301,95236208.10649693,111287387.65242605,122580774.79201905,150973802.48337513,160967037.63514772,100.0,100.0,0.0,0.00447,0.0,14169759.662938893,54452879.482682124,65730829.52865079,0.13008,0.12671,0.11282,0.11132,0.13008,0.14328,0.17646,0.18814,0.0,0.01656,0.06365,0.07683
107562008000.0,218,Ecuador,13984641435.391,13101906002.867,13984641435.391,13101906002.867,3838.9266652561128,296686.39638979087,0.0,7073262.501911977,161057601.347189,158664434.71525767,139159654.38925782,135956190.11387175,161057601.347189,177866611.0097986,218561192.3831726,231157780.11218446,100.0,100.0,0.0,0.00658,0.0,19202176.294540912,79401537.99391478,95201589.99831271,0.14973,0.14751,0.12938,0.1264,0.14973,0.16536,0.2032,0.21491,0.0,0.01785,0.07382,0.08851
26020850000.0,222,El Salvador,4111705993.439,2626088913.718,4111705993.439,2626088913.718,788.2362838393043,60892.19519491184,0.0,325139.982041613,34909410.703026146,34735995.01279831,29942697.266802344,29216651.045829043,34909410.703026146,38615861.091781095,46518492.13380854,49170367.67801874,100.0,100.0,0.0,0.00125,0.0,3879866.0789827853,16575794.867006194,19953716.6321897,0.13416,0.13349,0.11507,0.11228,0.13416,0.1484,0.17877,0.18897,0.0,0.01491,0.0637,0.07668
84269196152.0333,231,Ethiopia,48162187.460999995,36935072.595,48162187.460999995,36935072.595,6.254977797557448,482.12981676226434,0.0,14.838767772061711,285091.7694942106,276610.5386784088,247346.97315740824,243846.69197335205,285091.7694942106,318650.6409526291,391169.9410187341,414638.92299208196,100.0,100.0,0.0,0.0,0.0,42040.10227422032,143822.9678613259,170792.23101872992,0.00034,0.00033,0.00029,0.00029,0.00034,0.00038,0.00046,0.00049,0.0,5e-05,0.00017,0.0002
30624720196.2285,233,Estonia,5010481042.991,3756154772.52,5010481042.991,3756154772.52,377.80006799464,28381.4151615569,0.0,6770160.651003955,14233113.80864917,13828120.53547317,12540070.312352875,12278849.80198592,14233113.80864917,15576435.01630805,19000989.20287062,20193798.832846854,100.0,100.0,0.0,0.02211,0.0,1748314.4808348808,6460918.890517743,7914949.030860934,0.04648,0.04515,0.04095,0.04009,0.04648,0.05086,0.06204,0.06594,0.0,0.00571,0.0211,0.02584
5581425890.96651,242,Fiji,1581939807.289,1157170559.747,1581939807.289,1157170559.747,498.7156076575687,38589.475987566664,0.0,0.0,23846420.533407185,22630849.079442848,20611000.24790908,19901069.373488635,23846420.533407185,24622319.750544343,31891571.43300283,33693814.668590195,100.0,100.0,0.0,0.0,0.0,1991470.6711014956,11280571.18509375,13792745.29510156,0.42725,0.40547,0.36928,0.35656,0.42725,0.44115,0.57139,0.60368,0.0,0.03568,0.20211,0.24712
275708001767.838,246,Finland,38085677563.022995,39864197152.752,38085677563.022995,39864197152.752,5432.5756083639135,408974.92208220257,0.0,89324494.4637211,194850262.87207332,186357773.77129266,174009452.16352984,170286852.30866176,194850262.87207332,213748033.65176314,269292240.8169137,285375215.6859695,100.0,100.0,0.0,0.0324,0.0,27390259.880470484,95282788.65338388,115088363.37730771,0.07067,0.06759,0.06311,0.06176,0.07067,0.07753,0.09767,0.10351,0.0,0.00993,0.03456,0.04174
2790956878746.61,250,France,192404013219.07898,229944692615.893,192404013219.07898,229944692615.893,40363.46077931442,3090533.4379287465,0.0,502560170.19558525,1637303215.0484934,1570209295.7687058,1419217578.6425228,1373554998.1585991,1637303215.0484934,1759248055.7818305,2188566831.897184,2306287842.7424226,100.0,100.0,0.0,0.01801,0.0,189038760.0131247,769349253.2546611,932732844.5838234,0.05866,0.05626,0.05085,0.04921,0.05866,0.06303,0.07842,0.08263,0.0,0.00677,0.02757,0.03342
6135116260.64814,258,French Polynesia,124284833.358,589517147.139,124284833.358,589517147.139,51.02661764324146,3934.0289434047445,0.0,0.0,2078760.9517157446,1897515.2065311125,1829304.3350518805,1768803.8055794116,2078760.9517157446,2310591.007059102,3138645.146056623,3301954.1251165625,100.0,100.0,0.0,0.0,0.0,413075.8005279894,1309340.8110047427,1533150.319537151,0.03388,0.03093,0.02982,0.02883,0.03388,0.03766,0.05116,0.05382,0.0,0.00673,0.02134,0.02499
17596922469.9152,268,Georgia,1649440109.4580002,1165103885.92,1649440109.4580002,1165103885.92,241.92081802506382,18359.258473088597,0.0,1745432.6239290268,9148000.360535275,8826379.170001319,8330848.56010198,8121708.920099969,9148000.360535275,9929960.844824893,12154415.077915836,12899491.774789982,100.0,100.0,0.0,0.00992,0.0,1103581.6748235747,3823566.517813856,4777782.8546900125,0.05199,0.05016,0.04734,0.04615,0.05199,0.05643,0.06907,0.07331,0.0,0.00627,0.02173,0.02715
1670671340.37966,270,Gambia,569610784.863,67399163.2,569610784.863,67399163.2,164.2341133264678,12600.027959006835,0.0,612068.2363112065,6925874.19586081,6818639.72114563,5904008.51168411,5899011.461114228,6925874.19586081,7619445.974634372,9187314.72176762,10015033.255015321,100.0,100.0,0.0,0.03664,0.0,800806.2534887418,3283306.210083509,4116021.7939010933,0.41456,0.40814,0.35339,0.35309,0.41456,0.45607,0.54992,0.59946,0.0,0.04793,0.19653,0.24637
3974443355019.53,276,Germany,274253331777.049,531664657837.82,274253331777.049,531664657837.82,42612.983022179,3245006.2265957408,0.0,629649246.5159442,1557056980.0809612,1494386396.8825145,1358647095.810268,1314576935.7273085,1557056980.0809612,1717832496.3086321,2149070115.743997,2255438800.1305475,100.0,100.0,0.0,0.01584,0.0,223446099.42611766,790423019.9337292,940861864.403239,0.03918,0.0376,0.03418,0.03308,0.03918,0.04322,0.05407,0.05675,0.0,0.00562,0.01989,0.02367
67298913752.0241,288,Ghana,3112025616.6280003,1607808315.328,3112025616.6280003,1607808315.328,719.9412355665702,55643.83398472136,0.0,2245637.998647491,33472606.809368383,33657909.260157004,29405359.760812283,29169698.929967776,33472606.809368383,37898749.33345267,45209511.30020011,47993487.85470784,100.0,100.0,0.0,0.00334,0.0,4240840.073295668,15804151.53938783,18823788.92474006,0.04974,0.05001,0.04369,0.04334,0.04974,0.05631,0.06718,0.07131,0.0,0.0063,0.02348,0.02797
196501504.185186,296,Kiribati,15685891.374,14072111.558,15685891.374000002,14072111.558,2.87533858385873,220.9141905901666,0.0,0.0,115489.73276545011,106441.94800439972,100950.23838276719,94265.55694863074,115489.73276545011,124273.53189869004,175614.2556622519,185372.23593311914,100.0,100.0,0.0,0.0,0.0,17831.58389429032,74664.01727948472,91106.6789844884,0.05877,0.05417,0.05137,0.04797,0.05877,0.06324,0.08937,0.09434,0.0,0.00907,0.038,0.04636
212049447242.107,300,Greece,33551057124.235,19652685432.707,33551057124.235,19652685432.707,5752.292929376951,441897.00467824703,0.0,84162840.77212878,295939377.37155724,291186275.97544813,256858877.90435213,251083828.04630017,295939377.37155724,326481845.41986454,387745647.25549287,411697758.30152637,100.0,100.0,0.0,0.03969,0.0,35295569.444416404,130886769.35114074,160613930.2552262,0.13956,0.13732,0.12113,0.11841,0.13956,0.15396,0.18286,0.19415,0.0,0.01664,0.06172,0.07574
3055791340.7025,304,Greenland,74567898.439,329768873.881,74567898.439,329768873.881,64.42030567890428,4930.6533378748445,0.0,591678.4005449814,1711716.301897585,1614891.7958823543,1569467.3020670188,1557353.39596206,1711716.301897585,1947418.4282234279,2446213.396858459,2561266.488237383,100.0,100.0,0.0,0.01936,0.0,332526.6323410736,876746.0947914401,1003913.0922753229,0.05602,0.05285,0.05136,0.05096,0.05602,0.06373,0.08005,0.08382,0.0,0.01088,0.02869,0.03285
1166514814.81481,308,Grenada,158548125.82700002,166178316.848,158548125.82700002,166178316.848,14.636101134743665,1115.2081248915401,0.0,47.16996967819799,575291.4486990857,567419.5650894586,520829.8991771341,506682.6512540547,575291.4486990857,630428.382308085,735220.210692569,774586.1469345061,100.0,100.0,0.0,0.0,0.0,63008.817218626384,214390.31151543494,267903.49568045145,0.04932,0.04864,0.04465,0.04344,0.04932,0.05404,0.06303,0.0664,0.0,0.0054,0.01838,0.02297
73328369925.8478,320,Guatemala,8786844223.916,7014785724.124,8786844223.916,7014785724.124,1843.7535710803338,141963.30260635493,0.0,1607322.777010693,80234118.9327759,77825756.92524372,69665613.80032901,67743288.79797356,80234118.9327759,87595369.47126527,109632933.33732328,115614397.72833174,100.0,100.0,0.0,0.00219,0.0,9769612.54602155,39967319.53699426,47871108.93035819,0.10942,0.10613,0.095,0.09238,0.10942,0.11946,0.14951,0.15767,0.0,0.01332,0.0545,0.06528
11857030366.4598,324,Guinea,1361133148.615,297821429.278,1361133148.615,297821429.278,251.1888165331928,19413.571195439643,0.0,1101648.2995770643,10410245.810710086,10190368.445591995,8884930.492704824,8454351.1210121,10410245.810710086,11570345.637704205,14362815.420355255,15031958.75559237,100.0,100.0,0.0,0.00929,0.0,1379977.1921122093,5477884.927650431,6577607.634580271,0.0878,0.08594,0.07493,0.0713,0.0878,0.09758,0.12113,0.12678,0.0,0.01164,0.0462,0.05547
4787637005.53638,328,Guyana,120744775351.74799,166000396169.947,120744775351.74799,166000396169.947,9323.265347210845,711586.8653130786,0.0,1572.6551550571062,352400202.08547604,325659150.2779197,313778434.8075326,301571737.06191623,352400202.08547604,389333671.52399254,530946200.02853847,559299450.5726819,100.0,100.0,0.0,3e-05,0.0,63674521.24607283,217167765.22100586,257727713.51076567,7.36063,6.80209,6.55393,6.29897,7.36063,8.13206,11.08994,11.68216,0.0,1.32998,4.53601,5.38319
24067750465.9361,340,Honduras,4741071983.094,3310273421.4469995,4741071983.094001,3310273421.4469995,898.5819632799344,69179.03597017699,0.0,1373498.9436338113,39489868.94929338,39125584.79000235,33837224.76729912,33468370.14847719,39489868.94929338,44272334.86420842,53163644.459492065,56832492.831671916,100.0,100.0,0.0,0.00571,0.0,5146750.074206069,19326419.692192942,23364122.683194727,0.16408,0.16256,0.14059,0.13906,0.16408,0.18395,0.22089,0.23614,0.0,0.02138,0.0803,0.09708
361731070995.726,344,"China, Hong Kong SAR",51421780367.654,74894214779.496,51421780367.654,74894214779.496,8147.784480381767,628312.598523511,0.0,1525284.2630035533,349610923.88862467,335543878.14708656,302718503.8142612,294168929.8485887,349610923.88862467,385068503.74076486,483400250.5190756,512103270.2684239,100.0,100.0,0.0,0.00042,0.0,49524625.593678296,180681746.70481437,217934340.4198352,0.09665,0.09276,0.08369,0.08132,0.09665,0.10645,0.13364,0.14157,0.0,0.01369,0.04995,0.06025
160565642983.587,348,Hungary,7979477365.023,10521680054.719,7979477365.023,10521680054.719,1141.4805192244519,87463.84617786692,0.0,20472337.33589814,53345221.14667172,52351004.790932976,48604079.95318598,47305050.87081441,53345221.14667172,58191475.317002006,69882719.01955006,72878981.27026388,100.0,100.0,0.0,0.01275,0.0,5840470.52606903,21278639.066364072,25573930.399449468,0.03322,0.0326,0.03027,0.02946,0.03322,0.03624,0.04352,0.04539,0.0,0.00364,0.01325,0.01593
26260850582.0687,352,Iceland,2270452762.707,2196790807.057,2270452762.707,2196790807.057,626.6107766955026,47853.99404638879,0.0,9993053.879835526,34133606.685452946,32473316.755857646,30500772.425671536,29883035.54924308,34133606.685452946,37095606.44253028,45412053.17487867,47783918.11282063,100.0,100.0,0.0,0.03805,0.0,4622289.686672635,14911280.749207135,17900882.56357755,0.12998,0.12366,0.11615,0.11379,0.12998,0.14126,0.17293,0.18196,0.0,0.0176,0.05678,0.06817
2702929639861.5,356,India,244417669511.18103,125808363147.17499,244417669511.18103,125808363147.17499,81855.24883588935,6277173.757622648,0.0,38579772.84377111,3335948854.7619452,3226893053.617903,2941206758.5558887,2882132369.972148,3335948854.7619452,3664563621.864236,4514798184.743401,4777645384.803394,100.0,100.0,0.0,0.00143,0.0,437670568.24633265,1573591426.187512,1895513014.8312464,0.12342,0.11939,0.10882,0.10663,0.12342,0.13558,0.16703,0.17676,0.0,0.01619,0.05822,0.07013
1042271532953.36,360,Indonesia,88097560954.459,62869891961.480995,88097560954.459,62869891961.480995,20069.658039592283,1548509.1265879434,0.0,12263484.573006473,916275749.0662746,889813784.1744841,790958748.0741092,767207213.2734373,916275749.0662746,1011574207.8545306,1245159818.2578661,1313030216.6790562,100.0,100.0,0.0,0.00118,0.0,121760423.68004644,454201070.18375695,545823003.4056189,0.08791,0.08537,0.07589,0.07361,0.08791,0.09705,0.11947,0.12598,0.0,0.01168,0.04358,0.05237
327900695065.853,364,Iran (Islamic Republic of),5123260131.59,6297370885.028,5123260131.59,6297370885.028,2038.1698813203009,157258.14335880446,0.0,2484361.841493739,72328810.7042185,67799966.38582757,61969189.52724245,59351999.86475141,72328810.7042185,79350712.27386203,101790342.72888419,106570628.49144553,100.0,100.0,0.0,0.00076,0.0,11550745.888034463,39821153.20164174,47218628.62669411,0.02206,0.02068,0.0189,0.0181,0.02206,0.0242,0.03104,0.0325,0.0,0.00352,0.01214,0.0144
385736680797.111,372,Ireland,19560711087.074,15183537515.64,19560711087.074,15183537515.64,3045.908816004147,232350.85618843295,0.0,47224330.042875156,142922903.92180005,138958867.76006976,125943422.75905941,124209984.98792252,142922903.92180005,156267657.82816142,187000912.63150546,199161985.21587285,100.0,100.0,0.0,0.01224,0.0,17308790.06809166,61057489.872446045,74952000.22795033,0.03705,0.03602,0.03265,0.0322,0.03705,0.04051,0.04848,0.05163,0.0,0.00449,0.01583,0.01943
376691526553.276,376,Israel,23195830274.06,25751835401.881,23195830274.06,25751835401.881,5336.401040587741,410510.15036988247,0.0,26658830.768708248,231372526.72200236,225085653.15451607,201143043.9590237,195546701.3160905,231372526.72200236,255416065.80152974,311321960.6489069,329084464.1582015,100.0,100.0,0.0,0.00708,0.0,30330412.647013664,110178916.68988317,133537762.84211102,0.06142,0.05975,0.0534,0.05191,0.06142,0.06781,0.08265,0.08736,0.0,0.00805,0.02925,0.03545
2091932426266.94,380,Italy,155289104040.518,145468650311.316,155289104040.518,145468650311.316,36438.39633828816,2803170.1769010248,0.0,491179989.4835151,1725259427.4003608,1677722459.3484926,1516163093.0147765,1484535063.9159725,1725259427.4003608,1894508789.216761,2314112659.1034217,2449137256.305441,100.0,100.0,0.0,0.02348,0.0,216786329.8682685,797949566.0886452,964602192.3894684,0.08247,0.0802,0.07248,0.07096,0.08247,0.09056,0.11062,0.11708,0.0,0.01036,0.03814,0.04611
58522477744.7313,384,Côte d'Ivoire,9496441722.027,3611250721.428,9496441722.027,3611250721.428,2447.8826877617466,188740.88240924868,0.0,7187974.338325029,107623978.75877844,107899402.61856417,91816334.37917797,90868614.29239695,107623978.75877844,121842625.16976693,143880224.50868568,153839981.00762475,100.0,100.0,0.0,0.01228,0.0,13943222.55120276,52063890.129507706,62971366.7152278,0.1839,0.18437,0.15689,0.15527,0.1839,0.2082,0.24585,0.26287,0.0,0.02383,0.08896,0.1076
15730791525.65,388,Jamaica,5151937819.044001,3510416891.242,5151937819.044001,3510416891.242,952.1478050133104,73354.49998365295,0.0,553577.5285793409,36364757.202225804,34851820.9508844,31966219.722485617,31300774.35197292,36364757.202225804,39688363.63344558,50685096.04611906,53644020.32147816,100.0,100.0,0.0,0.00352,0.0,4836542.6825611815,18718876.32363344,22343245.96950524,0.23117,0.22155,0.20321,0.19898,0.23117,0.2523,0.3222,0.34101,0.0,0.03075,0.119,0.14204
5040880939324.86,392,Japan,280206942819.156,216804246863.681,280206942819.156,216804246863.681,107334.06839049146,8295982.820468076,0.0,24638990.145739116,4673307164.235181,4486608654.601585,4059108250.308964,3946106077.403148,4673307164.235181,5040000942.1195755,6333825505.69215,6681955450.986618,100.0,100.0,0.0,0.00049,0.0,553392287.5179901,2274717255.3831863,2735849373.58347,0.09271,0.089,0.08052,0.07828,0.09271,0.09998,0.12565,0.13256,0.0,0.01098,0.04513,0.05427
179339977517.062,398,Kazakhstan,16658753183.558,11547184141.428,16658753183.558,11547184141.428,4044.480720987206,306489.08654880984,0.0,67261329.79104519,102531003.02985403,96232291.17709264,90424643.59760132,88894048.54482517,102531003.02985403,112097046.49742576,138442600.9342209,146509020.1420078,100.0,100.0,0.0,0.0375,0.0,15864755.320333123,48017957.336619586,57614971.59718263,0.05717,0.05366,0.05042,0.04957,0.05717,0.06251,0.0772,0.08169,0.0,0.00885,0.02677,0.03213
43370860704.2254,400,Jordan,4549389110.419001,2307820195.935,4549389110.419001,2307820195.935,569.6044534439301,44032.50035995242,0.0,1080728.955080576,26809994.274565212,26962604.378951132,22926234.225230083,22354770.8062303,26809994.274565212,30487553.827394307,35950778.90198257,37838992.78183949,100.0,100.0,0.0,0.00249,0.0,3524949.4484431744,13024544.676752485,15484221.97560919,0.06182,0.06217,0.05286,0.05154,0.06182,0.0703,0.08289,0.08725,0.0,0.00813,0.03003,0.0357
92202979940.671,404,Kenya,7408475552.997001,4398509650.708,7408475552.997001,4398509650.708,1681.9136904511975,130169.98789122139,0.0,877888.4001905208,80580129.6251756,79565194.41635178,69449282.28795649,67679407.33006926,80580129.6251756,89275683.11722049,109488126.00708531,115583227.84161921,100.0,100.0,0.0,0.00095,0.0,9710488.70086871,40038843.71912882,47903820.51154995,0.08739,0.08629,0.07532,0.0734,0.08739,0.09683,0.11875,0.12536,0.0,0.01053,0.04342,0.05195
1724845615629.26,410,"Korea, Republic of",214351801617.023,151772377708.781,214351801617.023,151772377708.781,75814.30625084661,5854960.763464135,0.0,21911628.276014667,3725092293.5496097,3579010897.0864787,3256723879.2664504,3167582028.6822987,3725092293.5496097,4012403088.1708255,5035158097.410785,5311878778.784097,100.0,100.0,0.0,0.00127,0.0,433392191.0843468,1778434218.1443343,2144296750.101798,0.21597,0.2075,0.18881,0.18364,0.21597,0.23262,0.29192,0.30796,0.0,0.02513,0.10311,0.12432
138202309918.726,414,Kuwait,12348998169.828,4602817836.852,12348998169.828,4602817836.852,1198.912318285547,92511.24948405517,0.0,1432474.5122092203,56006511.20263646,55954326.773119055,49909511.53272689,49052476.36510598,56006511.20263646,62703236.53289104,75497104.33462049,79613706.79396777,100.0,100.0,0.0,0.00104,0.0,6748909.759771988,25587592.8018936,30561230.42886179,0.04053,0.04049,0.03611,0.03549,0.04053,0.04537,0.05463,0.05761,0.0,0.00488,0.01851,0.02211
8271106196.04253,417,Kyrgyzstan,1454360366.1490002,763383509.7820001,1454360366.1490002,763383509.782,398.8587747348624,30426.25329245142,0.0,2290214.786379702,16243860.744073568,15711935.517513728,14388150.360875688,13944846.844228176,16243860.744073568,17912747.200421218,21654426.457765985,22784243.940388214,100.0,100.0,0.0,0.02769,0.0,2200811.68290749,7266276.096890297,8839397.096160037,0.19639,0.18996,0.17396,0.1686,0.19639,0.21657,0.26181,0.27547,0.0,0.02661,0.08785,0.10687
18141651381.3884,418,Lao People's Dem. Rep.,3187924255.05,2311485487.3710003,3187924255.0499997,2311485487.3710003,438.7642525016749,33682.892306566464,0.0,349.4012845772903,19541926.11709929,18604402.70468897,17180640.560401175,16650876.83442896,19541926.11709929,21486898.38638281,27276052.260455247,28853909.88266256,100.0,100.0,0.0,0.0,0.0,2882495.681693841,10095411.700054072,12203033.0482336,0.10772,0.10255,0.0947,0.09178,0.10772,0.11844,0.15035,0.15905,0.0,0.01589,0.05565,0.06727
54901519155.6219,422,Lebanon,7171682258.375999,5262487826.160999,7171682258.376,5262487826.160999,1533.807620896807,118267.16469599534,0.0,7266161.988548104,71658503.9220933,69010646.02310047,62486010.27280597,60985071.28573475,71658503.9220933,76107120.88082981,94339544.41997673,100051309.58287326,100.0,100.0,0.0,0.01323,0.0,7096474.857729346,31853534.14717076,39066238.297138505,0.13052,0.1257,0.11381,0.11108,0.13052,0.13862,0.17183,0.18224,0.0,0.01293,0.05802,0.07116
2556247155.56945,426,Lesotho,726070866.804,631514407.515,726070866.804,631514407.515,49.686997493842966,3818.841860825958,0.0,1907.0461390742125,1447292.1921808312,1375272.1440586573,1230829.2449958564,1188301.915911607,1447292.1921808312,1595612.2409601493,2033863.5240370869,2146903.72716366,100.0,100.0,0.0,7e-05,0.0,220340.09690149198,803034.2790412304,958601.8112520529,0.05662,0.0538,0.04815,0.04649,0.05662,0.06242,0.07956,0.08399,0.0,0.00862,0.03141,0.0375
34429023435.0205,428,Latvia,3246327109.328,1596368084.631,3246327109.3280005,1596368084.631,293.3932705229215,22079.175736364694,0.0,5051353.973438904,12416720.055653948,12108792.78974105,11030750.501031717,10718771.269483699,12416720.055653948,13600437.595298251,16187931.534891082,17011957.663554236,100.0,100.0,0.0,0.01467,0.0,1491644.8055572007,5157181.033859365,6293186.394070538,0.03606,0.03517,0.03204,0.03113,0.03606,0.0395,0.04702,0.04941,0.0,0.00433,0.01498,0.01828
76686048499.3527,434,Libya,4978239253.469001,3658499311.833,4978239253.469001,3658499311.833,840.7188754965698,64696.19361649135,0.0,4990217.263354929,31603989.2932577,30167255.99488568,27647011.997506082,27101515.215067793,31603989.2932577,33528191.937490985,41920236.05564525,44541628.36663125,100.0,100.0,0.0,0.00651,0.0,3360935.9426053055,14273224.058139168,17440113.151563454,0.04121,0.03934,0.03605,0.03534,0.04121,0.04372,0.05466,0.05808,0.0,0.00438,0.01861,0.02274
53751411409.4437,440,Lithuania,14317122633.965,8357309319.165999,14317122633.965,8357309319.165999,1119.30389289373,84405.71675216105,0.0,19807838.54649934,40711055.86913747,39746016.9290666,35536052.97205716,34705670.27223329,40711055.86913747,45219898.85743627,55042019.3425548,58173242.74347081,100.0,100.0,0.0,0.03685,0.0,5473881.928369671,19505966.370497636,23467572.471237518,0.07574,0.07394,0.06611,0.06457,0.07574,0.08413,0.1024,0.10823,0.0,0.01018,0.03629,0.04366
71000359760.4599,442,Luxembourg,9563765231.335001,8570205981.283999,9563765231.335001,8570205981.283999,588.0009361139731,44387.33590133728,0.0,10262377.467430543,19642158.63517294,18877078.14431173,17257807.92635003,16801620.576503117,19642158.63517294,21597926.992400695,26246754.858702514,27675184.68608314,100.0,100.0,0.0,0.01445,0.0,2720848.848088965,8988946.932352483,10873564.109580025,0.02766,0.02659,0.02431,0.02366,0.02766,0.03042,0.03697,0.03898,0.0,0.00383,0.01266,0.01531
55284309690.2698,446,"China, Macao SAR",2514644967.527,2472266006.869,2514644967.527,2472266006.869,190.3928296706378,14543.506574679548,0.0,45.65093074308227,9083816.602829766,8579879.420750737,7745366.382681739,7496774.808062318,9083816.602829766,9880918.14928216,11955863.771386491,12548104.30921866,100.0,100.0,0.0,0.0,0.0,1301038.728531422,4210497.388704753,5051329.501156342,0.01643,0.01552,0.01401,0.01356,0.01643,0.01787,0.02163,0.0227,0.0,0.00235,0.00762,0.00914
13760033282.6071,450,Madagascar,3256936007.625,1111603403.396,3256936007.625,1111603403.396,609.1117128712389,47131.80020693384,0.0,96066.45858891509,31265676.62033792,31397144.430999633,26414763.123874895,25718607.883601557,31265676.62033792,34799288.640006065,40744615.965394296,43266011.93587674,100.0,100.0,0.0,0.0007,0.0,3402144.2090064324,14329852.8415194,17547404.052275185,0.22722,0.22818,0.19197,0.18691,0.22722,0.2529,0.29611,0.31443,0.0,0.02472,0.10414,0.12752
9880675785.93057,454,Malawi,55492841.924,135475671.12399998,55492841.924,135475671.12399998,7.9236307534718,612.0447351998997,0.0,2547.6884743374035,278565.84862221626,261971.90840223627,249450.69899108924,238768.77259928666,278565.84862221626,305495.0371843188,418015.81135903066,437992.14077518764,100.0,100.0,0.0,3e-05,0.0,43523.12878208255,168565.11236794142,199223.36817590098,0.00282,0.00265,0.00252,0.00242,0.00282,0.00309,0.00423,0.00443,0.0,0.00044,0.00171,0.00202
358788833524.945,458,Malaysia,8020657151.235,11631624849.373,8020657151.235,11631624849.373,2917.2358997180477,225352.71603680428,0.0,316.89161114655366,111228260.85909782,104455386.4087335,93030146.62219717,90001769.74838798,111228260.85909782,123469677.96843912,157344501.29367152,166107432.83310607,100.0,100.0,0.0,0.0,0.0,19014291.559705615,64314354.67147435,76105663.0847181,0.031,0.02911,0.02593,0.02508,0.031,0.03441,0.04385,0.0463,0.0,0.0053,0.01793,0.02121
5300949822.99805,462,Maldives,3806655108.506,891287212.898,3806655108.506,891287212.898,546.9683706577215,42043.20839506075,0.0,0.0,29686257.231515814,29552313.21405191,25988764.516329773,25658936.475899678,29686257.231515814,33040848.732271165,38407298.34953617,40940538.203473054,100.0,100.0,0.0,0.0,0.0,3488535.518219255,12418533.8332064,15281601.727573376,0.56002,0.55749,0.49027,0.48404,0.56002,0.6233,0.72454,0.77232,0.0,0.06581,0.23427,0.28828
17070867577.6666,466,Mali,1659458077.867,1013618045.6120001,1659458077.867,1013618045.612,228.51064901471844,17570.103213664694,0.0,296253.3029306143,8865638.278990652,8722492.41231815,7577655.639805508,7512964.097920792,8865638.278990652,9877483.868174989,11853311.645652598,12728208.990000049,100.0,100.0,0.0,0.00174,0.0,1154991.4558568392,4275656.00584709,5215244.8920792565,0.05193,0.0511,0.04439,0.04401,0.05193,0.05786,0.06944,0.07456,0.0,0.00677,0.02505,0.03055
15298004130.4975,470,Malta,5901001404.026,4589738760.505,5901001404.026,4589738760.505,821.1676394384917,63080.19337385627,0.0,13213500.447376033,37145804.49744283,35803343.21245006,32460751.93855218,31581143.324012045,37145804.49744283,40396775.58786852,49520878.164893344,52317211.07675558,100.0,100.0,0.0,0.08637,0.0,4593432.375418462,17060126.226341166,20736067.75274354,0.24281,0.23404,0.21219,0.20644,0.24281,0.26407,0.32371,0.34199,0.0,0.03003,0.11152,0.13555
7473550557.07378,478,Mauritania,1239655183.052,543107506.717,1239655183.0519998,543107506.717,218.32410226394924,16803.79149555599,0.0,1348658.4863221091,9361499.353043254,9091121.984629968,7984000.90603059,7822218.753184719,9361499.353043254,10010066.146780845,12334099.649265006,13217758.732282648,100.0,100.0,0.0,0.01805,0.0,918944.1621508766,4350098.7432344165,5395539.979097929,0.12526,0.12164,0.10683,0.10467,0.12526,0.13394,0.16504,0.17686,0.0,0.0123,0.05821,0.0722
14735695930.9727,480,Mauritius,3153492197.548,2449954480.53,3153492197.548,2449954480.53,508.4515560899672,39328.673081107874,0.0,169594.33566999785,24098152.1111974,23754075.828696612,20486631.90590847,19666027.36103367,24098152.1111974,27090314.58328956,33032734.883977916,34656932.28184754,100.0,100.0,0.0,0.00115,0.0,3336238.7545929477,12546102.978069447,14990904.920813866,0.16354,0.1612,0.13903,0.13346,0.16354,0.18384,0.22417,0.23519,0.0,0.02264,0.08514,0.10173
13178094719.8612,496,Mongolia,1367517851.554,1584372535.917,1367517851.5540001,1584372535.917,126.66858575787438,9763.53232677956,0.0,140601.96820820842,4676436.583949484,4420487.44853045,4041501.58642183,3920014.812646411,4676436.583949484,5220491.2590165455,6722944.103624649,7084802.420879506,100.0,100.0,0.0,0.00107,0.0,800003.810486095,2681442.517202819,3164787.6082330947,0.03549,0.03354,0.03067,0.02975,0.03549,0.03961,0.05102,0.05376,0.0,0.00607,0.02035,0.02402
11253727815.4762,498,"Moldova, Republic of",527803634.072,811959954.342,527803634.07199997,811959954.342,45.866883890023146,3499.882323261631,0.0,772811.6819084428,1315750.7880037234,1253271.341841549,1153101.9769710188,1121288.3142229267,1315750.7880037234,1449302.8318008673,1801941.4594293237,1903917.5915569006,100.0,100.0,0.0,0.00687,0.0,196031.48995931842,648839.4824583048,782629.2773339739,0.01169,0.01114,0.01025,0.00996,0.01169,0.01288,0.01601,0.01692,0.0,0.00174,0.00577,0.00695
5506944403.30196,499,Montenegro,982976353.847,489480517.286,982976353.847,489480517.286,82.81139748705425,6330.259529997274,0.0,1515527.7943246497,4665783.4376047,4542614.605004514,4244243.153323255,4116466.2975598453,4665783.4376047,5109762.221446956,6179878.014087716,6470964.5249527255,100.0,100.0,0.0,0.02752,0.0,567147.6164424419,1935634.8607644616,2354498.2273928802,0.08473,0.08249,0.07707,0.07475,0.08473,0.09279,0.11222,0.11751,0.0,0.0103,0.03515,0.04276
,500,Montserrat,158826.743,115332.16200000001,158826.743,115332.16200000001,0.009578024884208395,0.7284790678338724,0.0,0.0,1527.7975087188852,1523.1036347819804,1405.1950680920363,1360.562059891971,1527.7975087188852,1681.8860680277453,1883.8079903217192,1957.7980158628911,100.0,100.0,,,0.0,158.78243324576488,478.6129222296829,597.23595597092,,,,,,,,,,,,
127341141871.205,504,Morocco,28869796379.801,19077235966.389,28869796379.801,19077235966.389,6749.228458675602,518892.1122640571,0.0,25609251.473013736,292907883.5746514,287146537.4106291,252406228.02360272,246652324.58881202,292907883.5746514,323941781.25845444,392630896.85676366,416804967.15679383,100.0,100.0,0.0,0.02011,0.0,36795243.84782535,140224668.83316094,170152642.5679818,0.23002,0.22549,0.19821,0.19369,0.23002,0.25439,0.30833,0.32731,0.0,0.0289,0.11012,0.13362
14845400592.6712,508,Mozambique,17380868463.988,1845390541.913,17380868463.988,1845390541.913,4374.075474891367,338262.04175848933,0.0,3189005.212003253,216596115.856758,214921539.10848,185728944.96049276,179598936.44019538,216596115.856758,238764505.7259329,285758035.74532175,301648455.28864074,100.0,100.0,0.0,0.02148,0.0,23842966.61745289,100029090.78482899,122049518.84844536,1.45901,1.44773,1.25109,1.2098,1.45901,1.60834,1.92489,2.03193,0.0,0.16061,0.67381,0.82214
91505851755.5267,512,Oman,9915241332.779,7049441897.175,9915241332.779,7049441897.175,1252.7125803343959,96821.9168757224,0.0,589290.4222231449,45017807.470858134,42898937.07232822,38231417.51053596,36632836.81370992,45017807.470858134,48390121.63038291,61431577.69768161,64565433.61150715,100.0,100.0,0.0,0.00064,0.0,5491184.558054693,23200160.18714565,27932596.797797225,0.0492,0.04688,0.04178,0.04003,0.0492,0.05288,0.06713,0.07056,0.0,0.006,0.02535,0.03053
13682019171.6627,516,Namibia,1355264981.056,2051299303.727,1355264981.056,2051299303.727,364.7391488390044,28062.913805455006,0.0,294075.24975467904,15646095.21431096,15082588.14468584,13661184.408214403,13342390.178608121,15646095.21431096,16791829.013698414,21106312.22738006,22496117.457865994,100.0,100.0,0.0,0.00215,0.0,1709240.8690125737,7445127.819165656,9153727.279257873,0.11436,0.11024,0.09985,0.09752,0.11436,0.12273,0.15426,0.16442,0.0,0.01249,0.05442,0.0669
33111525182.7133,524,Nepal,6052907594.487,4402843741.019,6052907594.487,4402843741.019,503.5548445828002,38646.25316694633,0.0,140974.8554583219,25476565.42072204,24903631.991625085,22484109.67117838,21869640.421504185,25476565.42072204,28282588.944122262,33974945.0173674,35696690.96481973,100.0,100.0,0.0,0.00043,0.0,3378956.952497177,11490835.346189022,13827050.543315545,0.07694,0.07521,0.0679,0.06605,0.07694,0.08542,0.10261,0.10781,0.0,0.0102,0.0347,0.04176
914043438179.591,528,Netherlands (Kingdom of the),177825618361.663,155136995341.06,177825618361.663,155136995341.06,34151.23072692329,2601893.235606341,0.0,473391003.538674,1259646872.1678429,1196124803.3916621,1096214581.4556925,1058449734.5557855,1259646872.1678429,1342254779.1889713,1696757773.7717814,1788109153.3718123,100.0,100.0,0.0,0.05179,0.0,146129975.79730916,600543192.3160889,729659418.8160268,0.13781,0.13086,0.11993,0.1158,0.13781,0.14685,0.18563,0.19563,0.0,0.01599,0.0657,0.07983
3276187709.49721,533,Aruba,275277786.416,577574155.321,275277786.416,577574155.321,44.2931587045187,3405.7383599549084,0.0,1.0851046176728347,1875010.353194111,1793058.7904597141,1643004.0327350395,1581592.5744745187,1875010.353194111,2040328.2936133314,2638068.075550759,2798398.77406261,100.0,100.0,0.0,0.0,0.0,247269.50315361726,995064.0428157197,1216806.1995880916,0.05723,0.05473,0.05015,0.04828,0.05723,0.06228,0.08052,0.08542,0.0,0.00755,0.03037,0.03714
211886686924.483,554,New Zealand,13232892110.023,13365195290.869,13232892110.023,13365195290.869,4975.118687797016,384586.4747995375,0.0,1264574.8179139763,245887189.3584699,242810668.1230219,209656739.12154618,207298675.40371674,245887189.3584699,276586198.72135913,333296902.005966,355067439.2959417,100.0,100.0,0.0,0.0006,0.0,33775530.59833723,123640162.88441983,147768763.89222497,0.11605,0.11459,0.09895,0.09783,0.11605,0.13053,0.1573,0.16757,0.0,0.01594,0.05835,0.06974
13025266513.3167,558,Nicaragua,2483161294.711,1668716592.3869998,2483161294.711,1668716592.3869998,383.3666738140604,29561.400194333997,0.0,431.8064172559848,16076086.178716997,15821272.18475329,13888242.916442621,13674441.043190306,16076086.178716997,17607251.24462798,21583070.57346525,23055374.203456342,100.0,100.0,0.0,0.0,0.0,1785979.0598746892,7694827.657022629,9380933.160266036,0.12342,0.12147,0.10663,0.10498,0.12342,0.13518,0.1657,0.17701,0.0,0.01371,0.05908,0.07202
12808661487.4035,562,Niger,303821313.83500004,331921584.673,303821313.83500004,331921584.673,78.23704372283339,6041.7445127954625,0.0,115910.29586001301,2955965.710614497,2862157.41108643,2530379.1196590182,2468367.2245732206,2955965.710614497,3253131.4759238916,4037409.796078144,4260708.454741106,100.0,100.0,0.0,0.0009,0.0,390974.0648374618,1507030.6764191259,1792341.2301678858,0.02308,0.02235,0.01976,0.01927,0.02308,0.0254,0.03152,0.03326,0.0,0.00305,0.01177,0.01399
421739210176.152,566,Nigeria,21405118575.349,24061479682.113,21405118575.349,24061479682.113,6691.7373713124125,516528.5687282226,0.0,40033269.84917261,293535752.37516934,280519876.03612554,255995964.42552757,248184632.4739492,293535752.37516934,308821587.8047147,395962404.41694754,416251182.2526096,100.0,100.0,0.0,0.00949,0.0,28301711.76858914,139966439.99141997,168066549.77866042,0.0696,0.06652,0.0607,0.05885,0.0696,0.07323,0.09389,0.0987,0.0,0.00671,0.03319,0.03985
439788625883.8,578,Norway,14459431196.242,19775377156.225002,14459431196.242,19775377156.225,2540.0115941489557,192148.8529023022,0.0,38793580.187861755,115611890.0626846,109965029.26666655,101880805.65833317,99921704.29554653,115611890.0626846,124009146.4308613,152991618.6347563,162039719.64009503,100.0,100.0,0.0,0.00882,0.0,14044117.164194748,51110812.97642313,62118015.34454849,0.02629,0.025,0.02317,0.02272,0.02629,0.0282,0.03479,0.03684,0.0,0.00319,0.01162,0.01412
284900000.0,585,Palau,13788237.558,21622884.319999997,13788237.558,21622884.319999997,3.993022488828955,306.0184471066259,0.0,0.0,260710.91545478578,252502.1872936693,242804.27002615988,238518.13292245957,260710.91545478578,280742.3493823715,340400.48083681177,364196.70139504835,100.0,100.0,0.0,0.0,0.0,28240.16208870223,97596.21081065189,125678.56847258878,0.09151,0.08863,0.08522,0.08372,0.09151,0.09854,0.11948,0.12783,0.0,0.00991,0.03426,0.04411
356128167702.894,586,Pakistan,33673614717.897,17096892063.387999,33673614717.897,17096892063.387999,6913.279339768533,532772.7528775786,0.0,2706720.0707764686,298551625.69831437,288859148.88697785,262189946.34547442,255720513.1322075,298551625.69831437,326086301.15865844,402982823.2217598,424429200.48600286,100.0,100.0,0.0,0.00076,0.0,37227152.27168059,140792876.87628537,168708687.35379535,0.08383,0.08111,0.07362,0.07181,0.08383,0.09156,0.11316,0.11918,0.0,0.01045,0.03953,0.04737
67294169234.6291,591,Panama,4021325240.881,5864648593.416,4021325240.881,5864648593.416,1315.6488723382363,101695.43932627114,0.0,960034.78871383,43614690.03287169,41800129.6764767,36491645.74913377,35409518.99642518,43614690.03287169,48255726.26894882,61293791.609320626,65076484.119919,100.0,100.0,0.0,0.00143,0.0,6455596.592472121,24802145.860186853,29666965.12349382,0.06481,0.06212,0.05423,0.05262,0.06481,0.07171,0.09108,0.0967,0.0,0.00959,0.03686,0.04409
40225448651.3062,600,Paraguay,3971229889.226,3914475684.0569997,3971229889.226,3914475684.0569997,896.0768763421712,69204.23457679749,0.0,3070479.1543332203,41057193.7041426,40187970.464032464,35016746.30711709,33817798.24920033,41057193.7041426,44934980.06827665,54960089.25441775,57904458.34254385,100.0,100.0,0.0,0.00763,0.0,4747009.6042441875,19943342.947300658,24086660.09334352,0.10207,0.09991,0.08705,0.08407,0.10207,0.11171,0.13663,0.14395,0.0,0.0118,0.04958,0.05988
222597030191.041,604,Peru,30510492593.096,20960141354.273,30510492593.096,20960141354.273,7581.455412262557,585733.2138947565,0.0,4453752.738605971,344332655.08913136,340756205.7457731,298602713.0251121,292258964.0339021,344332655.08913136,386073865.85116607,469875274.6050028,495981125.5078134,100.0,100.0,0.0,0.002,0.0,45317660.10539299,171272561.57989073,203722161.4739113,0.15469,0.15308,0.13414,0.1313,0.15469,0.17344,0.21109,0.22282,0.0,0.02036,0.07694,0.09152
346841896890.489,608,Philippines,56150676491.946,41743610868.539,56150676491.946,41743610868.539,10972.111277161359,844717.6016735553,0.0,3035048.160767157,543688505.151114,529157690.8623823,477224857.0802895,463658110.7576219,543688505.151114,599159282.817851,737033081.328268,778879304.8557537,100.0,100.0,0.0,0.00088,0.0,70001591.95546865,259808224.24797857,315221194.0981318,0.15675,0.15256,0.13759,0.13368,0.15675,0.17275,0.2125,0.22456,0.0,0.02018,0.07491,0.09088
588779850763.487,616,Poland,58170497628.061005,58855683366.331,58170497628.061005,58855683366.331,5898.210105716959,444581.52521770605,0.0,99224414.30613159,215222134.36268705,208813575.3787799,186802575.43255222,182185822.53711864,215222134.36268705,234845543.48225087,288728986.6273074,306880086.951233,100.0,100.0,0.0,0.01685,0.0,26031968.10347098,101926411.1947552,124694264.41411439,0.03655,0.03547,0.03173,0.03094,0.03655,0.03989,0.04904,0.05212,0.0,0.00442,0.01731,0.02118
242313116577.963,620,Portugal,33241106235.006,16890330236.473,33241106235.006,16890330236.473,8603.914865373546,660862.5036389118,0.0,102136959.03972134,382704204.6132405,373130266.82165706,335247276.42683464,326107925.9797611,382704204.6132405,415697193.1962919,504110915.9585977,534115400.9337361,100.0,100.0,0.0,0.04215,0.0,42566926.37463486,168863639.53176308,208007474.95397496,0.15794,0.15399,0.13835,0.13458,0.15794,0.17155,0.20804,0.22042,0.0,0.01757,0.06969,0.08584
1563887900.0,626,Timor-Leste,246750405.48,55534566.30600001,246750405.48,55534566.30600001,52.00811896248789,3976.2783411298237,0.0,0.0,3752293.594240789,3731696.5642199004,3400219.656443267,3305424.3519866155,3752293.594240789,4203791.778381061,4819819.2527933465,5023630.670795493,100.0,100.0,0.0,0.0,0.0,472095.2141611604,1419599.5963500794,1718206.3188088774,0.23993,0.23862,0.21742,0.21136,0.23993,0.2688,0.30819,0.32123,0.0,0.03019,0.09077,0.10987
183334953818.681,634,Qatar,2873759002.399,1556030878.738,2873759002.399,1556030878.738,384.4263349471293,29651.012226200546,0.0,72380.30349235317,18860203.582159307,18289408.70758721,16421782.972189717,15916501.189507145,18860203.582159307,20592340.71030638,25288244.567497484,26720299.290967647,100.0,100.0,0.0,4e-05,0.0,2302932.0027191713,8866461.595307767,10803798.101460502,0.01029,0.00998,0.00896,0.00868,0.01029,0.01123,0.01379,0.01457,0.0,0.00126,0.00484,0.00589
243316050520.725,642,Romania,24057611984.776,16454594964.326,24057611984.776,16454594964.326,3471.0895090268305,266230.12819409464,0.0,52537269.800546795,125633203.92097954,122352172.88097422,108453120.06365725,105953154.96586485,125633203.92097954,139285981.7896096,166342337.21839687,176403128.32038617,100.0,100.0,0.0,0.02159,0.0,16933808.908635393,57889217.15473962,70449973.35452132,0.05163,0.05029,0.04457,0.04355,0.05163,0.05724,0.06836,0.0725,0.0,0.00696,0.02379,0.02895
1657328764645.93,643,Russian Federation,45676374376.839,81045820905.74901,45676374376.839005,81045820905.74901,8388.53820680923,639146.516334267,0.0,113256949.40655138,287632779.4298367,272908528.73687375,250303063.37839803,243545212.42194638,287632779.4298367,318021550.5343591,403664435.1567362,426008064.7557617,100.0,100.0,0.0,0.00683,0.0,45113021.79748535,153361371.77833816,182462852.3338153,0.01736,0.01647,0.0151,0.0147,0.01736,0.01919,0.02436,0.0257,0.0,0.00272,0.00925,0.01101
9636510839.30707,646,Rwanda,832493116.341,600422073.3330001,832493116.341,600422073.3330001,194.5237986947269,15013.30897546222,0.0,229719.56875521236,8195175.460555814,8058207.920905815,7013933.492967872,6847608.156537386,8195175.460555814,8962215.64776719,10962265.882892579,11618760.358609265,100.0,100.0,0.0,0.00238,0.0,904007.7268613745,3948332.389924707,4771152.202071879,0.08504,0.08362,0.07278,0.07106,0.08504,0.093,0.11376,0.12057,0.0,0.00938,0.04097,0.04951
1076922222.22222,659,Saint Kitts and Nevis,42956323.552,136998504.292,42956323.552,136998504.292,11.29725939350129,871.4766472205869,0.0,40.57684922098145,456386.6098961234,422601.1619036577,417156.24516443367,416607.68779227324,456386.6098961234,522183.2563849651,678902.4610202168,712477.909663858,100.0,100.0,0.0,0.0,0.0,99582.09448130737,261746.21585578314,295870.22187158477,0.04238,0.03924,0.03874,0.03869,0.04238,0.04849,0.06304,0.06616,0.0,0.00925,0.02431,0.02747
2057074074.07407,662,Saint Lucia,193612625.176,364234420.353,193612625.176,364234420.353,70.16909039171831,5357.506417086635,0.0,0.0,3447200.140441649,3203236.945193381,3120408.262525636,3103782.752377689,3447200.140441649,3886384.029332493,5039145.6309307255,5300160.559767045,100.0,100.0,0.0,0.0,0.0,683147.0841391119,1918737.3684050897,2196377.807389356,0.16758,0.15572,0.15169,0.15088,0.16758,0.18893,0.24497,0.25766,0.0,0.03321,0.09328,0.10677
884328180.526933,670,Saint Vincent and the Grenadines,89050402.484,66242947.516,89050402.484,66242947.516,5.80746177645321,442.48011699552933,0.0,0.0,174117.44624411908,166467.9134191752,159324.72088064044,155798.71294656312,174117.44624411908,190111.10696982834,240540.49855899593,255521.30139347096,100.0,100.0,0.0,0.0,0.0,23643.193550653144,81215.77767835549,99722.58844690784,0.01969,0.01882,0.01802,0.01762,0.01969,0.0215,0.0272,0.02889,0.0,0.00267,0.00918,0.01128
846583785179.856,682,Saudi Arabia,26727522499.779,29778958527.697,26727522499.779,29778958527.697,7093.640189234728,548479.1673462511,0.0,15591989.075555589,270973692.2558183,264912844.3845295,232297994.83326077,222662884.32116508,270973692.2558183,299353771.4719876,367534558.4177687,384175269.8358395,100.0,100.0,0.0,0.00184,0.0,34440927.087458104,135236563.58450794,161512385.51467443,0.03201,0.03129,0.02744,0.0263,0.03201,0.03536,0.04341,0.04538,0.0,0.00407,0.01597,0.01908
23116701539.5646,686,Senegal,5198906332.547,2680135426.0,5198906332.547,2680135426.0,1547.7411496680552,119394.83349971131,0.0,6788399.065443813,67562063.848192,66603101.90022138,57694442.55264921,56819041.72172987,67562063.848192,74322000.30838491,89737484.95584987,95940254.41454819,100.0,100.0,0.0,0.02937,0.0,7718898.408163533,32043042.403200664,39121212.69281832,0.29227,0.28812,0.24958,0.24579,0.29227,0.32151,0.38819,0.41503,0.0,0.03339,0.13861,0.16923
50640662859.4987,688,Serbia,2725848143.588,2966689384.564,2725848143.588,2966689384.564,343.24543922159046,26232.370170321512,0.0,5870976.1705128765,16448870.39419596,15847976.396776594,14704112.473372072,14237705.751350956,16448870.39419596,17890415.117280427,21482003.239288453,22483281.478936587,100.0,100.0,0.0,0.01159,0.0,2042438.7205038331,6777890.765916381,8245575.7275856305,0.03248,0.03129,0.02904,0.02812,0.03248,0.03533,0.04242,0.0444,0.0,0.00403,0.01338,0.01628
1587813245.28225,690,Seychelles,279042483.483,252132959.656,279042483.483,252132959.656,47.334679305207075,3655.9086082835724,0.0,0.0,1920674.3168927853,1810495.8745668046,1652294.055245333,1583896.9198012052,1920674.3168927853,2046769.8767874674,2721611.5832319017,2891491.3648639964,100.0,100.0,0.0,0.0,0.0,236274.00222066278,1069317.5279865689,1307594.4450627912,0.12096,0.11402,0.10406,0.09975,0.12096,0.1289,0.17141,0.18211,0.0,0.01488,0.06735,0.08235
4085114542.06831,694,Sierra Leone,95123631.005,41017873.981,95123631.005,41017873.981,19.59701718894603,1514.4294132619511,0.0,63173.17075609223,899588.9145903811,893281.4782390166,762421.772836764,751686.2444271005,899588.9145903811,1009513.8907355649,1219799.3229214407,1313556.26674403,100.0,100.0,0.0,0.00155,0.0,116232.41249654826,457377.5500846767,561870.0223169294,0.02202,0.02187,0.01866,0.0184,0.02202,0.02471,0.02986,0.03215,0.0,0.00285,0.0112,0.01375
376869585632.115,702,Singapore,212419039401.825,109452695043.60701,212419039401.825,109452695043.607,50266.952645280486,3879577.966808518,0.0,103116844.86274333,2276314767.564625,2217756382.6112523,1961978349.333695,1907926572.9505513,2276314767.564625,2472908895.638854,3040334480.1770167,3218116261.9398847,100.0,100.0,0.0,0.02736,0.0,255152513.02760172,1078356130.8433218,1310189688.9893334,0.60401,0.58847,0.5206,0.50626,0.60401,0.65617,0.80673,0.85391,0.0,0.0677,0.28614,0.34765
106137924015.591,703,Slovakia,8656653164.104,16051206825.347,8656653164.104,16051206825.347,1373.7835624009956,104472.09723834135,0.0,22393678.41224459,43085545.90174618,41076312.16219845,38365588.87547305,37432666.455650695,43085545.90174618,47171845.50984967,58844361.1019413,61833667.7524658,100.0,100.0,0.0,0.0211,0.0,6095533.347651221,20478772.22646825,24401001.296815105,0.04059,0.0387,0.03615,0.03527,0.04059,0.04444,0.05544,0.05826,0.0,0.00574,0.01929,0.02299
310106472642.968,704,Viet Nam,53283201260.859,68917112957.211,53283201260.859,68917112957.211,14024.44032286975,1082158.0419924145,0.0,3479412.0045376867,683986774.8364091,678882500.9229409,587837967.5797974,565275578.0271457,683986774.8364091,767546828.4830799,921939538.0680728,972192805.3722973,100.0,100.0,0.0,0.00112,0.0,88664327.56013906,334101570.4882754,406917227.34515154,0.22057,0.21892,0.18956,0.18228,0.22057,0.24751,0.2973,0.3135,0.0,0.02859,0.10774,0.13122
54177882425.8421,705,Slovenia,6497537553.076,6162295313.075,6497537553.076,6162295313.075,1068.7877198168865,82491.70754497591,0.0,13932912.302505333,44837159.63724282,43910143.12223399,39988019.541225195,38678098.12412094,44837159.63724282,48725808.35066318,60428462.17815327,63203031.4295712,100.0,100.0,0.0,0.02572,0.0,4815665.228429191,20440442.636928074,24524933.305450253,0.08276,0.08105,0.07381,0.07139,0.08276,0.08994,0.11154,0.11666,0.0,0.00889,0.03773,0.04527
34156069918.0609,716,Zimbabwe,1650497065.8209999,1803396066.549,1650497065.8209999,1803396066.549,376.936213403178,29131.219796443864,0.0,924701.607375858,18679455.56104667,18539544.651769593,16876013.17617324,16603724.00951957,18679455.56104667,20832256.02892292,25543376.563448407,26831840.493626174,100.0,100.0,0.0,0.00271,0.0,2292711.377153326,8667363.387275167,10228116.484106604,0.05469,0.05428,0.04941,0.04861,0.05469,0.06099,0.07478,0.07856,0.0,0.00671,0.02538,0.02995
1421702715218.01,724,Spain,174208952759.751,118660488469.038,174208952759.751,118660488469.038,44768.028491012774,3449051.9426368894,0.0,491995870.9928985,2138098278.636499,2078999504.2935383,1847433347.856095,1802720346.3902435,2138098278.636499,2322024487.1335645,2837113603.5365214,3008365481.4258785,100.0,100.0,0.0,0.03461,0.0,243024982.84002614,989680255.6804264,1205645135.035635,0.15039,0.14623,0.12995,0.1268,0.15039,0.16333,0.19956,0.2116,0.0,0.01709,0.06961,0.0848
32333780383.2924,729,Sudan,8409881188.649001,3703573492.549,8409881188.649,3703573492.549,1113.176806480284,86094.65636847305,0.0,4713223.549456403,51416873.821010605,51386717.63568241,43485897.86331811,42266666.20088091,51416873.821010605,56784738.48832418,66984859.17632222,71024312.59856392,100.0,100.0,0.0,0.01458,0.0,5398020.852641769,23498961.313004114,28757646.397683017,0.15902,0.15893,0.13449,0.13072,0.15902,0.17562,0.20717,0.21966,0.0,0.01669,0.07268,0.08894
3996198760.32389,740,Suriname,1286309023.7969997,240889795.675,1286309023.7969997,240889795.675,168.09140015018124,12820.039033328532,0.0,326.1653574135638,7035711.766859055,6742125.096748592,6284383.822564027,6032560.650023486,7035711.766859055,7653225.965792649,9732312.649086352,10291027.720781703,100.0,100.0,0.0,1e-05,0.0,911100.8690440571,3447928.826522325,4258467.070758216,0.17606,0.16871,0.15726,0.15096,0.17606,0.19151,0.24354,0.25752,0.0,0.0228,0.08628,0.10656
4666598023.91856,748,Eswatini,600492776.553,477676363.60499996,600492776.553,477676363.605,53.2380303707255,4102.5323245768195,0.0,19159.24575314853,1823851.456094076,1761523.5315351672,1549670.261234487,1497930.3339030943,1823851.456094076,2029300.6318436926,2537010.9945584172,2673941.1634363085,100.0,100.0,0.0,0.00041,0.0,267777.1003085254,987340.7333239303,1176010.8295332142,0.03908,0.03775,0.03321,0.0321,0.03908,0.04349,0.05437,0.0573,0.0,0.00574,0.02116,0.0252
555455371487.089,752,Sweden,26424745785.426,17532774894.653,26424745785.426,17532774894.653,4868.547306977189,369446.88598424935,0.0,62395845.27123479,215320402.39184904,204745642.98514745,188096021.75814325,180359683.80614632,215320402.39184904,224357957.51386622,285059933.8464205,299366229.6366733,100.0,100.0,0.0,0.01123,0.0,19612314.52871877,96963912.08827728,119006545.83052695,0.03876,0.03686,0.03386,0.03247,0.03876,0.04039,0.05132,0.0539,0.0,0.00353,0.01746,0.02143
725562534363.895,756,"Switzerland, Liechtenstein",12627447542.739,54320216640.444,12627447542.739,54320216640.444,1291.1786506109313,98749.3992297433,0.0,19388282.15212355,46804521.41032134,44068167.37487494,41543909.89377736,40420754.91429761,46804521.41032134,51502823.76083386,65712796.45830713,68975132.80296202,100.0,100.0,0.0,0.00267,0.0,7434656.385958917,24168886.56452977,28554377.88866441,0.00645,0.00607,0.00573,0.00557,0.00645,0.0071,0.00906,0.00951,0.0,0.00102,0.00333,0.00394
7765000282.29397,762,Tajikistan,767193520.581,528605306.216,767193520.581,528605306.216,192.90188028175677,14763.396495211919,0.0,688157.8216534412,7342851.612069788,7021134.763561773,6450299.711703457,6255839.965037519,7342851.612069788,8090424.473909245,9962790.884859052,10493439.670475246,100.0,100.0,0.0,0.00886,0.0,1069289.7103474718,3512491.1731555946,4237599.705437727,0.09456,0.09042,0.08307,0.08056,0.09456,0.10419,0.1283,0.13514,0.0,0.01377,0.04523,0.05457
506754212432.991,764,Thailand,147026392921.625,115195721574.797,147026392921.625,115195721574.797,43224.76615686398,3337966.789404766,0.0,15513015.107487828,2242685355.0710373,2224202223.7059965,1936816882.5014794,1907417698.6665876,2242685355.0710373,2531564783.3243923,3032784785.880095,3225877088.819901,100.0,100.0,0.0,0.00306,0.0,307362559.6183958,1095967903.3786156,1318459390.1533134,0.44256,0.43891,0.3822,0.3764,0.44256,0.49956,0.59847,0.63658,0.0,0.06065,0.21627,0.26018
7029217931.75029,768,Togo,989637620.594,327796128.02900004,989637620.594,327796128.02900004,384.800724439021,29747.29487235931,0.0,811327.3914434881,17509589.503132783,16818145.67653943,15015095.915836196,14539642.4442549,17509589.503132783,18802101.643002547,23782513.489269294,25085870.521836545,100.0,100.0,0.0,0.01154,0.0,1983955.9664631188,8767417.573433097,10546228.077581646,0.2491,0.23926,0.21361,0.20685,0.2491,0.26748,0.33834,0.35688,0.0,0.02822,0.12473,0.15003
24322359037.409,780,Trinidad and Tobago,3522071376.8389997,3185113752.577,3522071376.8389997,3185113752.577,641.1561773866126,49403.51207943952,0.0,1000653.6999588127,24850357.439912286,23861977.71738997,21674000.828988858,20981557.149634447,24850357.439912286,27273323.184862886,34818034.678874694,36771047.83584528,100.0,100.0,0.0,0.00411,0.0,3411345.4674729146,13144033.849885836,15789490.68621083,0.10217,0.09811,0.08911,0.08626,0.10217,0.11213,0.14315,0.15118,0.0,0.01403,0.05404,0.06492
427049432157.931,784,United Arab Emirates,52780384404.403,51531199429.585,52780384404.403,51531199429.585,10876.366616171365,840835.942032085,0.0,12054117.834808866,463994803.2165236,442970685.8531721,394749728.8224772,382621504.791332,463994803.2165236,507735334.63761795,634678726.201317,667675727.0914929,100.0,100.0,0.0,0.00282,0.0,64764648.78444582,239928997.37883973,285054222.3001609,0.10865,0.10373,0.09244,0.0896,0.10865,0.11889,0.14862,0.15635,0.0,0.01517,0.05618,0.06675
42686509835.5287,788,Tunisia,8224824116.543,6112478544.443001,8224824116.543,6112478544.443001,1948.187978856352,149480.7565334859,0.0,9786125.929522986,82095253.51201741,80916773.1477021,71569848.4434171,70930896.83136949,82095253.51201741,91625024.25521332,109588885.07317813,116905017.8928061,100.0,100.0,0.0,0.02293,0.0,10708251.107511222,38019036.629761025,45974121.06143661,0.19232,0.18956,0.16766,0.16617,0.19232,0.21465,0.25673,0.27387,0.0,0.02509,0.08907,0.1077
778476714087.962,792,Türkiye,165350928573.486,107666376965.149,165350928573.486,107666376965.149,31672.21584961023,2441877.3366847676,0.0,112804612.14537874,1424684307.727869,1411410544.42933,1220095791.872764,1186804526.0348525,1424684307.727869,1606898071.5723138,1937553786.351492,2053624005.755004,100.0,100.0,0.0,0.01449,0.0,195487527.14298368,717457994.4787278,866819479.7201514,0.18301,0.1813,0.15673,0.15245,0.18301,0.20642,0.24889,0.2638,0.0,0.02511,0.09216,0.11135
32927025621.3848,800,Uganda,2006435698.961,1271094847.608,2006435698.961,1271094847.608,554.9295574718969,42920.82261694686,0.0,67630.96634855747,23514841.346890844,23043241.023529124,20892996.102500685,20452677.240288287,23514841.346890844,25583873.486236777,32083507.481948964,33787778.328522,100.0,100.0,0.0,0.00021,0.0,2540632.4627076536,11190511.37944828,13335101.08823371,0.07142,0.06998,0.06345,0.06212,0.07142,0.0777,0.09744,0.10261,0.0,0.00772,0.03399,0.0405
130891086689.522,804,Ukraine,17869401245.183002,9435230785.524,17869401245.183002,9435230785.524,1952.5699270155426,149302.26533203654,0.0,29887039.382464238,90151178.21191534,89066748.15877281,78424756.46172132,77640717.57725894,90151178.21191534,99029346.59716097,116707376.19701244,125679898.40555996,100.0,100.0,0.0,0.02283,0.0,9962598.438388154,38282619.73529112,48039180.82830101,0.06887,0.06805,0.05992,0.05932,0.06887,0.07566,0.08916,0.09602,0.0,0.00761,0.02925,0.0367
12683068033.1043,807,North Macedonia,2343236655.2739997,2046854521.217,2343236655.2739997,2046854521.217,283.4633869308672,21704.76479875627,0.0,4730688.912200205,13875687.170574188,13429970.64308229,12167658.377657443,11882986.751646973,13875687.170574188,15313019.190354913,18442469.013661895,19500405.536664084,100.0,100.0,0.0,0.0373,0.0,1883048.5472726226,6274810.636004452,7617418.78501711,0.1094,0.10589,0.09594,0.09369,0.1094,0.12074,0.14541,0.15375,0.0,0.01485,0.04947,0.06006
262588632526.73,818,Egypt,28428366631.336998,27410705540.323997,28428366631.336998,27410705540.323997,6991.442902430132,539283.8739280865,0.0,22422169.585408337,291287416.4454612,282670191.5992173,250507452.69583187,243517943.73565927,291287416.4454612,315801556.4117196,390100964.01744026,413439319.66861016,100.0,100.0,0.0,0.00854,0.0,33131364.812502325,139593511.3216084,169921375.93295088,0.11093,0.10765,0.0954,0.09274,0.11093,0.12026,0.14856,0.15745,0.0,0.01262,0.05316,0.06471
2878152147315.82,826,United Kingdom,160232215150.45,200401933028.992,160232215150.45,200401933028.992,33615.07307675568,2564533.7626706613,0.0,459140029.3608408,1409860389.3210354,1328471711.4938009,1222729618.2531488,1188546806.8661737,1409860389.3210354,1508358277.1814015,1897962800.019354,2003747224.1063938,100.0,100.0,0.0,0.01595,0.0,179886565.6876006,675233181.7662053,815200417.2402201,0.04898,0.04616,0.04248,0.0413,0.04898,0.05241,0.06594,0.06962,0.0,0.00625,0.02346,0.02832
57003686049.4102,834,"Tanzania, United Republic of",4026517845.472,2260717841.3320003,4026517845.472,2260717841.332,1224.99062181045,94753.69060415964,0.0,630456.3791337431,45165445.47324623,43465853.25145444,38676365.026405804,37396613.68459656,45165445.47324623,47692207.668367945,60532993.417397045,64090723.17257125,100.0,100.0,0.0,0.00111,0.0,4226354.416913502,21856628.39099124,26694109.48797469,0.07923,0.07625,0.06785,0.0656,0.07923,0.08367,0.10619,0.11243,0.0,0.00741,0.03834,0.04683
20533057312000.0,840,United States of America,595119326455.9769,1001782155246.212,595119326455.9769,1001782155246.212,174454.13630152546,13438873.971488344,0.0,292588539.911222,6452368030.457186,6150205926.1222,5450766785.159056,5264710478.666316,6452368030.457186,7040266223.603935,8904565379.150084,9376632822.810408,100.0,100.0,0.0,0.00142,0.0,890060297.4817352,3453798593.991028,4111922344.1440916,0.03142,0.02995,0.02655,0.02564,0.03142,0.03429,0.04337,0.04567,0.0,0.00433,0.01682,0.02003
15890066209.8959,854,Burkina Faso,1316349450.9120002,726102587.8889999,1316349450.9120002,726102587.8889999,358.05248202628707,27567.3419361734,0.0,1691208.1243637202,14688973.627476437,14416486.985132542,12744637.853343273,12518200.807140267,14688973.627476437,15993094.69873132,19568466.425418645,20795730.82107876,100.0,100.0,0.0,0.01064,0.0,1576607.7135987785,6823828.572075373,8277530.013938492,0.09244,0.09073,0.08021,0.07878,0.09244,0.10065,0.12315,0.13087,0.0,0.00992,0.04294,0.05209
65203071110.6037,858,Uruguay,3706235046.7400002,2037783202.1890001,3706235046.7400002,2037783202.1890001,1023.6344358352703,79098.83936187679,0.0,1942828.4871299518,54546760.15332012,54695371.720027074,46045662.23726411,45326005.04893684,54546760.15332012,60730716.45120346,71424532.43514778,76329639.96489058,100.0,100.0,0.0,0.00298,0.0,6035344.731176384,25378870.197883666,31003634.915953748,0.08366,0.08388,0.07062,0.06952,0.08366,0.09314,0.10954,0.11706,0.0,0.00926,0.03892,0.04755
52870108217.5626,860,Uzbekistan,2841876312.2730002,2551375708.445,2841876312.2730002,2551375708.445,757.3250295855066,58230.03541380294,0.0,2153188.163454834,27555609.601576768,26368401.29856754,24023331.302570798,23214161.649351187,27555609.601576768,30557706.52660419,37949377.020179264,39774183.21832506,100.0,100.0,0.0,0.00407,0.0,4189305.2280366495,13926045.717608467,16560021.568973877,0.05212,0.04987,0.04544,0.04391,0.05212,0.0578,0.07178,0.07523,0.0,0.00792,0.02634,0.03132
21606161066.2074,887,Yemen,2511466118.445,1019401253.805,2511466118.445,1019401253.805,1010.8573261669902,77121.52534203095,0.0,43697.47629547487,34330606.57586607,34036071.63268141,30317624.148740202,29927897.610223897,34330606.57586607,38674068.90235378,46034812.88880036,48847019.83137848,100.0,100.0,0.0,0.0002,0.0,4637997.269672371,15717188.740060158,18919122.221154585,0.15889,0.15753,0.14032,0.13852,0.15889,0.179,0.21306,0.22608,0.0,0.02147,0.07274,0.08756
26311506435.0598,894,Zambia,1590428066.654,1741297631.716,1590428066.654,1741297631.716,496.4937248354438,38054.78875286443,0.0,51875.86074536808,13366469.628813164,12645452.499443034,11461768.590443483,11091441.23951407,13366469.628813164,14596947.436539222,18510273.360811874,19519407.383001458,100.0,100.0,0.0,0.0002,0.0,1951494.9370961878,7048504.770368392,8427966.143487388,0.0508,0.04806,0.04356,0.04215,0.0508,0.05548,0.07035,0.07419,0.0,0.00742,0.02679,0.03203
